# source: models.blend / Military_Assets / 28_Freight_Train
# generated by tools/export_builtin_obj.py (Task69) - do not hand-edit
mtllib Unit_MilitaryTrain.mtl
v -1.5000 0.7450 21.5000
v -1.5000 1.2950 21.5000
v 1.5000 0.7450 21.5000
v 1.5000 1.2950 21.5000
v -1.5000 0.7450 41.5000
v -1.5000 1.2950 41.5000
v 1.5000 0.7450 41.5000
v 1.5000 1.2950 41.5000
v -1.4500 1.3000 22.0000
v -1.4500 3.6000 22.0000
v 1.4500 1.3000 22.0000
v 1.4500 3.6000 22.0000
v -1.4500 1.3000 41.0000
v -1.4500 3.6000 41.0000
v 1.4500 1.3000 41.0000
v 1.4500 3.6000 41.0000
v -1.5000 3.6050 35.4000
v -1.5000 4.9550 35.4000
v 1.5000 3.6050 35.4000
v 1.5000 4.9550 35.4000
v -1.5000 3.6050 38.8000
v -1.5000 4.9550 38.8000
v 1.5000 3.6050 38.8000
v 1.5000 4.9550 38.8000
v -1.5300 3.9000 35.3500
v -1.5300 4.8000 35.3500
v 1.5300 3.9000 35.3500
v 1.5300 4.8000 35.3500
v -1.5300 3.9000 38.8500
v -1.5300 4.8000 38.8500
v 1.5300 3.9000 38.8500
v 1.5300 4.8000 38.8500
v -1.5500 4.9500 35.1500
v -1.5500 5.2100 35.1500
v 1.5500 4.9500 35.1500
v 1.5500 5.2100 35.1500
v -1.5500 4.9500 39.0500
v -1.5500 5.2100 39.0500
v 1.5500 4.9500 39.0500
v 1.5500 5.2100 39.0500
v -1.2000 3.5750 23.0000
v -1.2000 4.3250 23.0000
v 1.2000 3.5750 23.0000
v 1.2000 4.3250 23.0000
v -1.2000 3.5750 29.2000
v -1.2000 4.3250 29.2000
v 1.2000 3.5750 29.2000
v 1.2000 4.3250 29.2000
v -1.2500 3.4750 23.7800
v -1.2500 4.4250 23.7800
v 1.2500 3.4750 23.7800
v 1.2500 4.4250 23.7800
v -1.2500 3.4750 24.0200
v -1.2500 4.4250 24.0200
v 1.2500 3.4750 24.0200
v 1.2500 4.4250 24.0200
v -1.2500 3.4750 25.2800
v -1.2500 4.4250 25.2800
v 1.2500 3.4750 25.2800
v 1.2500 4.4250 25.2800
v -1.2500 3.4750 25.5200
v -1.2500 4.4250 25.5200
v 1.2500 3.4750 25.5200
v 1.2500 4.4250 25.5200
v -1.2500 3.4750 26.7800
v -1.2500 4.4250 26.7800
v 1.2500 3.4750 26.7800
v 1.2500 4.4250 26.7800
v -1.2500 3.4750 27.0200
v -1.2500 4.4250 27.0200
v 1.2500 3.4750 27.0200
v 1.2500 4.4250 27.0200
v -1.2500 3.4750 28.2800
v -1.2500 4.4250 28.2800
v 1.2500 3.4750 28.2800
v 1.2500 4.4250 28.2800
v -1.2500 3.4750 28.5200
v -1.2500 4.4250 28.5200
v 1.2500 3.4750 28.5200
v 1.2500 4.4250 28.5200
v 1.4700 1.5000 22.2000
v 1.4700 1.3400 22.2000
v 1.1400 3.6000 32.7000
v 1.1400 4.3000 32.7000
v 1.0404 3.6000 32.9404
v 1.0404 4.3000 32.9404
v 0.8000 3.6000 33.0400
v 0.8000 4.3000 33.0400
v 0.5596 3.6000 32.9404
v 0.5596 4.3000 32.9404
v 0.4600 3.6000 32.7000
v 0.4600 4.3000 32.7000
v 0.5596 3.6000 32.4596
v 0.5596 4.3000 32.4596
v 0.8000 3.6000 32.3600
v 0.8000 4.3000 32.3600
v 1.0404 3.6000 32.4596
v 1.0404 4.3000 32.4596
v -0.4600 3.6000 32.7000
v -0.4600 4.3000 32.7000
v -0.5596 3.6000 32.9404
v -0.5596 4.3000 32.9404
v -0.8000 3.6000 33.0400
v -0.8000 4.3000 33.0400
v -1.0404 3.6000 32.9404
v -1.0404 4.3000 32.9404
v -1.1400 3.6000 32.7000
v -1.1400 4.3000 32.7000
v -1.0404 3.6000 32.4596
v -1.0404 4.3000 32.4596
v -0.8000 3.6000 32.3600
v -0.8000 4.3000 32.3600
v -0.5596 3.6000 32.4596
v -0.5596 4.3000 32.4596
v 1.7700 1.3400 22.2000
v 1.7700 1.5000 22.2000
v 1.4700 1.3400 40.8000
v 1.4700 1.5000 40.8000
v 1.7700 1.3400 40.8000
v 1.7700 1.5000 40.8000
v 1.5900 2.3500 22.2000
v 1.5900 2.4500 22.2000
v 1.6700 1.4200 23.1000
v 1.6700 2.4200 23.1000
v 1.6200 1.4200 23.1500
v 1.6200 2.4200 23.1500
v 1.5700 1.4200 23.1000
v 1.5700 2.4200 23.1000
v 1.6200 1.4200 23.0500
v 1.6200 2.4200 23.0500
v 1.6700 1.4200 25.9000
v 1.6700 2.4200 25.9000
v 1.6200 1.4200 25.9500
v 1.6200 2.4200 25.9500
v 1.5700 1.4200 25.9000
v 1.5700 2.4200 25.9000
v 1.6200 1.4200 25.8500
v 1.6200 2.4200 25.8500
v 1.6700 1.4200 28.7000
v 1.6700 2.4200 28.7000
v 1.6200 1.4200 28.7500
v 1.6200 2.4200 28.7500
v 1.5700 1.4200 28.7000
v 1.5700 2.4200 28.7000
v 1.6200 1.4200 28.6500
v 1.6200 2.4200 28.6500
v 1.6700 1.4200 31.5000
v 1.6700 2.4200 31.5000
v 1.6200 1.4200 31.5500
v 1.6200 2.4200 31.5500
v 1.5700 1.4200 31.5000
v 1.5700 2.4200 31.5000
v 1.6200 1.4200 31.4500
v 1.6200 2.4200 31.4500
v 1.6700 1.4200 34.3000
v 1.6700 2.4200 34.3000
v 1.6200 1.4200 34.3500
v 1.6200 2.4200 34.3500
v 1.5700 1.4200 34.3000
v 1.5700 2.4200 34.3000
v 1.6200 1.4200 34.2500
v 1.6200 2.4200 34.2500
v 1.6700 1.4200 37.1000
v 1.6700 2.4200 37.1000
v 1.6200 1.4200 37.1500
v 1.6200 2.4200 37.1500
v 1.5700 1.4200 37.1000
v 1.5700 2.4200 37.1000
v 1.6200 1.4200 37.0500
v 1.6200 2.4200 37.0500
v 1.6700 1.4200 39.9000
v 1.6700 2.4200 39.9000
v 1.6200 1.4200 39.9500
v 1.6200 2.4200 39.9500
v 1.5700 1.4200 39.9000
v 1.5700 2.4200 39.9000
v 1.6200 1.4200 39.8500
v 1.6200 2.4200 39.8500
v 1.6500 2.3500 22.2000
v 1.6500 2.4500 22.2000
v 1.5900 2.3500 40.8000
v 1.5900 2.4500 40.8000
v 1.6500 2.3500 40.8000
v 1.6500 2.4500 40.8000
v -1.7700 1.5000 22.2000
v -1.7700 1.3400 22.2000
v 1.0700 3.5500 41.2800
v 1.0700 3.5500 41.5200
v 1.0280 3.4207 41.2800
v 1.0280 3.4207 41.5200
v 0.9180 3.3408 41.2800
v 0.9180 3.3408 41.5200
v 0.7820 3.3408 41.2800
v 0.7820 3.3408 41.5200
v 0.6720 3.4207 41.2800
v 0.6720 3.4207 41.5200
v 0.6300 3.5500 41.2800
v 0.6300 3.5500 41.5200
v 0.6720 3.6793 41.2800
v 0.6720 3.6793 41.5200
v 0.7820 3.7592 41.2800
v 0.7820 3.7592 41.5200
v 0.9180 3.7592 41.2800
v 0.9180 3.7592 41.5200
v 1.0280 3.6793 41.2800
v 1.0280 3.6793 41.5200
v -1.4700 1.3400 22.2000
v -1.4700 1.5000 22.2000
v -1.7700 1.3400 40.8000
v -1.7700 1.5000 40.8000
v -1.4700 1.3400 40.8000
v -1.4700 1.5000 40.8000
v -1.6500 2.3500 22.2000
v -1.6500 2.4500 22.2000
v -1.5700 1.4200 23.1000
v -1.5700 2.4200 23.1000
v -1.6200 1.4200 23.1500
v -1.6200 2.4200 23.1500
v -1.6700 1.4200 23.1000
v -1.6700 2.4200 23.1000
v -1.6200 1.4200 23.0500
v -1.6200 2.4200 23.0500
v -1.5700 1.4200 25.9000
v -1.5700 2.4200 25.9000
v -1.6200 1.4200 25.9500
v -1.6200 2.4200 25.9500
v -1.6700 1.4200 25.9000
v -1.6700 2.4200 25.9000
v -1.6200 1.4200 25.8500
v -1.6200 2.4200 25.8500
v -1.5700 1.4200 28.7000
v -1.5700 2.4200 28.7000
v -1.6200 1.4200 28.7500
v -1.6200 2.4200 28.7500
v -1.6700 1.4200 28.7000
v -1.6700 2.4200 28.7000
v -1.6200 1.4200 28.6500
v -1.6200 2.4200 28.6500
v -1.5700 1.4200 31.5000
v -1.5700 2.4200 31.5000
v -1.6200 1.4200 31.5500
v -1.6200 2.4200 31.5500
v -1.6700 1.4200 31.5000
v -1.6700 2.4200 31.5000
v -1.6200 1.4200 31.4500
v -1.6200 2.4200 31.4500
v -1.5700 1.4200 34.3000
v -1.5700 2.4200 34.3000
v -1.6200 1.4200 34.3500
v -1.6200 2.4200 34.3500
v -1.6700 1.4200 34.3000
v -1.6700 2.4200 34.3000
v -1.6200 1.4200 34.2500
v -1.6200 2.4200 34.2500
v -1.5700 1.4200 37.1000
v -1.5700 2.4200 37.1000
v -1.6200 1.4200 37.1500
v -1.6200 2.4200 37.1500
v -1.6700 1.4200 37.1000
v -1.6700 2.4200 37.1000
v -1.6200 1.4200 37.0500
v -1.6200 2.4200 37.0500
v -1.5700 1.4200 39.9000
v -1.5700 2.4200 39.9000
v -1.6200 1.4200 39.9500
v -1.6200 2.4200 39.9500
v -1.6700 1.4200 39.9000
v -1.6700 2.4200 39.9000
v -1.6200 1.4200 39.8500
v -1.6200 2.4200 39.8500
v -1.5900 2.3500 22.2000
v -1.5900 2.4500 22.2000
v -1.6500 2.3500 40.8000
v -1.6500 2.4500 40.8000
v -1.5900 2.3500 40.8000
v -1.5900 2.4500 40.8000
v -1.5500 1.8250 41.3750
v -1.5500 0.7750 41.3750
v -0.6300 3.5500 41.2800
v -0.6300 3.5500 41.5200
v -0.6720 3.4207 41.2800
v -0.6720 3.4207 41.5200
v -0.7820 3.3408 41.2800
v -0.7820 3.3408 41.5200
v -0.9180 3.3408 41.2800
v -0.9180 3.3408 41.5200
v -1.0280 3.4207 41.2800
v -1.0280 3.4207 41.5200
v -1.0700 3.5500 41.2800
v -1.0700 3.5500 41.5200
v -1.0280 3.6793 41.2800
v -1.0280 3.6793 41.5200
v -0.9180 3.7592 41.2800
v -0.9180 3.7592 41.5200
v -0.7820 3.7592 41.2800
v -0.7820 3.7592 41.5200
v -0.6720 3.6793 41.2800
v -0.6720 3.6793 41.5200
v 1.5500 0.7750 41.3750
v 1.5500 1.8250 41.3750
v -1.5500 0.7750 41.8250
v -1.5500 1.8250 41.8250
v 1.5500 0.7750 41.8250
v 1.5500 1.8250 41.8250
v -0.8970 0.8300 34.9250
v -0.8970 1.2500 34.9250
v 0.2400 0.9200 41.7000
v 0.2400 0.9200 42.3000
v 0.1697 0.7503 41.7000
v 0.1697 0.7503 42.3000
v 0.0000 0.6800 41.7000
v 0.0000 0.6800 42.3000
v -0.1697 0.7503 41.7000
v -0.1697 0.7503 42.3000
v -0.2400 0.9200 41.7000
v -0.2400 0.9200 42.3000
v -0.1697 1.0897 41.7000
v -0.1697 1.0897 42.3000
v 0.0000 1.1600 41.7000
v 0.0000 1.1600 42.3000
v 0.1697 1.0897 41.7000
v 0.1697 1.0897 42.3000
v 1.2200 1.0400 36.1500
v 1.0800 1.0400 36.1500
v 1.2200 0.9407 36.4557
v 1.0800 0.9407 36.4557
v 1.2200 0.6807 36.6446
v 1.0800 0.6807 36.6446
v 1.2200 0.3593 36.6446
v 1.0800 0.3593 36.6446
v 1.2200 0.0993 36.4557
v 1.0800 0.0993 36.4557
v 1.2200 0.0000 36.1500
v 1.0800 0.0000 36.1500
v 1.2200 0.0993 35.8444
v 1.0800 0.0993 35.8444
v 1.2200 0.3593 35.6555
v 1.0800 0.3593 35.6555
v 1.2200 0.6807 35.6555
v 1.0800 0.6807 35.6555
v 1.2200 0.9407 35.8444
v 1.0800 0.9407 35.8444
v -1.0800 1.0400 36.1500
v -1.2200 1.0400 36.1500
v -1.0800 0.9407 36.4557
v -1.2200 0.9407 36.4557
v -1.0800 0.6807 36.6446
v -1.2200 0.6807 36.6446
v -1.0800 0.3593 36.6446
v -1.2200 0.3593 36.6446
v -1.0800 0.0993 36.4557
v -1.2200 0.0993 36.4557
v -1.0800 0.0000 36.1500
v -1.2200 0.0000 36.1500
v -1.0800 0.0993 35.8444
v -1.2200 0.0993 35.8444
v -1.0800 0.3593 35.6555
v -1.2200 0.3593 35.6555
v -1.0800 0.6807 35.6555
v -1.2200 0.6807 35.6555
v -1.0800 0.9407 35.8444
v -1.2200 0.9407 35.8444
v 0.5750 0.6300 36.1500
v -0.5750 0.6300 36.1500
v 0.5750 0.5750 36.2453
v -0.5750 0.5750 36.2453
v 0.5750 0.4650 36.2453
v -0.5750 0.4650 36.2453
v 0.5750 0.4100 36.1500
v -0.5750 0.4100 36.1500
v 0.5750 0.4650 36.0547
v -0.5750 0.4650 36.0547
v 0.5750 0.5750 36.0547
v -0.5750 0.5750 36.0547
v 1.2200 1.0400 38.0000
v 1.0800 1.0400 38.0000
v 1.2200 0.9407 38.3056
v 1.0800 0.9407 38.3056
v 1.2200 0.6807 38.4945
v 1.0800 0.6807 38.4945
v 1.2200 0.3593 38.4945
v 1.0800 0.3593 38.4945
v 1.2200 0.0993 38.3056
v 1.0800 0.0993 38.3056
v 1.2200 0.0000 38.0000
v 1.0800 0.0000 38.0000
v 1.2200 0.0993 37.6944
v 1.0800 0.0993 37.6944
v 1.2200 0.3593 37.5055
v 1.0800 0.3593 37.5055
v 1.2200 0.6807 37.5055
v 1.0800 0.6807 37.5055
v 1.2200 0.9407 37.6944
v 1.0800 0.9407 37.6944
v -1.0800 1.0400 38.0000
v -1.2200 1.0400 38.0000
v -1.0800 0.9407 38.3056
v -1.2200 0.9407 38.3056
v -1.0800 0.6807 38.4945
v -1.2200 0.6807 38.4945
v -1.0800 0.3593 38.4945
v -1.2200 0.3593 38.4945
v -1.0800 0.0993 38.3056
v -1.2200 0.0993 38.3056
v -1.0800 0.0000 38.0000
v -1.2200 0.0000 38.0000
v -1.0800 0.0993 37.6944
v -1.2200 0.0993 37.6944
v -1.0800 0.3593 37.5055
v -1.2200 0.3593 37.5055
v -1.0800 0.6807 37.5055
v -1.2200 0.6807 37.5055
v -1.0800 0.9407 37.6944
v -1.2200 0.9407 37.6944
v 0.5750 0.6300 38.0000
v -0.5750 0.6300 38.0000
v 0.5750 0.5750 38.0953
v -0.5750 0.5750 38.0953
v 0.5750 0.4650 38.0953
v -0.5750 0.4650 38.0953
v 0.5750 0.4100 38.0000
v -0.5750 0.4100 38.0000
v 0.5750 0.4650 37.9047
v -0.5750 0.4650 37.9047
v 0.5750 0.5750 37.9047
v -0.5750 0.5750 37.9047
v 1.2200 1.0400 39.8500
v 1.0800 1.0400 39.8500
v 1.2200 0.9407 40.1556
v 1.0800 0.9407 40.1556
v 1.2200 0.6807 40.3445
v 1.0800 0.6807 40.3445
v 1.2200 0.3593 40.3445
v 1.0800 0.3593 40.3445
v 1.2200 0.0993 40.1556
v 1.0800 0.0993 40.1556
v 1.2200 0.0000 39.8500
v 1.0800 0.0000 39.8500
v 1.2200 0.0993 39.5443
v 1.0800 0.0993 39.5443
v 1.2200 0.3593 39.3554
v 1.0800 0.3593 39.3554
v 1.2200 0.6807 39.3554
v 1.0800 0.6807 39.3554
v 1.2200 0.9407 39.5443
v 1.0800 0.9407 39.5443
v -1.0800 1.0400 39.8500
v -1.2200 1.0400 39.8500
v -1.0800 0.9407 40.1556
v -1.2200 0.9407 40.1556
v -1.0800 0.6807 40.3445
v -1.2200 0.6807 40.3445
v -1.0800 0.3593 40.3445
v -1.2200 0.3593 40.3445
v -1.0800 0.0993 40.1556
v -1.2200 0.0993 40.1556
v -1.0800 0.0000 39.8500
v -1.2200 0.0000 39.8500
v -1.0800 0.0993 39.5443
v -1.2200 0.0993 39.5443
v -1.0800 0.3593 39.3554
v -1.2200 0.3593 39.3554
v -1.0800 0.6807 39.3554
v -1.2200 0.6807 39.3554
v -1.0800 0.9407 39.5443
v -1.2200 0.9407 39.5443
v 0.5750 0.6300 39.8500
v -0.5750 0.6300 39.8500
v 0.5750 0.5750 39.9453
v -0.5750 0.5750 39.9453
v 0.5750 0.4650 39.9453
v -0.5750 0.4650 39.9453
v 0.5750 0.4100 39.8500
v -0.5750 0.4100 39.8500
v 0.5750 0.4650 39.7547
v -0.5750 0.4650 39.7547
v 0.5750 0.5750 39.7547
v -0.5750 0.5750 39.7547
v 0.8970 0.8300 34.9250
v 0.8970 1.2500 34.9250
v -0.8970 0.8300 41.0750
v -0.8970 1.2500 41.0750
v 0.8970 0.8300 41.0750
v 0.8970 1.2500 41.0750
v 0.8860 0.5450 34.7750
v 0.8860 1.0950 34.7750
v 1.0460 0.5450 34.7750
v 1.0460 1.0950 34.7750
v 0.8860 0.5450 41.2250
v 0.8860 1.0950 41.2250
v 1.0460 0.5450 41.2250
v 1.0460 1.0950 41.2250
v -1.0460 0.5450 34.7750
v -1.0460 1.0950 34.7750
v -0.8860 0.5450 34.7750
v -0.8860 1.0950 34.7750
v -1.0460 0.5450 41.2250
v -1.0460 1.0950 41.2250
v -0.8860 0.5450 41.2250
v -0.8860 1.0950 41.2250
v -0.8970 0.8300 21.9250
v -0.8970 1.2500 21.9250
v 0.2400 0.9200 20.7000
v 0.2400 0.9200 21.3000
v 0.1697 0.7503 20.7000
v 0.1697 0.7503 21.3000
v 0.0000 0.6800 20.7000
v 0.0000 0.6800 21.3000
v -0.1697 0.7503 20.7000
v -0.1697 0.7503 21.3000
v -0.2400 0.9200 20.7000
v -0.2400 0.9200 21.3000
v -0.1697 1.0897 20.7000
v -0.1697 1.0897 21.3000
v 0.0000 1.1600 20.7000
v 0.0000 1.1600 21.3000
v 0.1697 1.0897 20.7000
v 0.1697 1.0897 21.3000
v 1.2200 1.0400 23.1500
v 1.0800 1.0400 23.1500
v 1.2200 0.9407 23.4556
v 1.0800 0.9407 23.4556
v 1.2200 0.6807 23.6445
v 1.0800 0.6807 23.6445
v 1.2200 0.3593 23.6445
v 1.0800 0.3593 23.6445
v 1.2200 0.0993 23.4556
v 1.0800 0.0993 23.4556
v 1.2200 0.0000 23.1500
v 1.0800 0.0000 23.1500
v 1.2200 0.0993 22.8444
v 1.0800 0.0993 22.8444
v 1.2200 0.3593 22.6555
v 1.0800 0.3593 22.6555
v 1.2200 0.6807 22.6555
v 1.0800 0.6807 22.6555
v 1.2200 0.9407 22.8444
v 1.0800 0.9407 22.8444
v -1.0800 1.0400 23.1500
v -1.2200 1.0400 23.1500
v -1.0800 0.9407 23.4556
v -1.2200 0.9407 23.4556
v -1.0800 0.6807 23.6445
v -1.2200 0.6807 23.6445
v -1.0800 0.3593 23.6445
v -1.2200 0.3593 23.6445
v -1.0800 0.0993 23.4556
v -1.2200 0.0993 23.4556
v -1.0800 0.0000 23.1500
v -1.2200 0.0000 23.1500
v -1.0800 0.0993 22.8444
v -1.2200 0.0993 22.8444
v -1.0800 0.3593 22.6555
v -1.2200 0.3593 22.6555
v -1.0800 0.6807 22.6555
v -1.2200 0.6807 22.6555
v -1.0800 0.9407 22.8444
v -1.2200 0.9407 22.8444
v 0.5750 0.6300 23.1500
v -0.5750 0.6300 23.1500
v 0.5750 0.5750 23.2453
v -0.5750 0.5750 23.2453
v 0.5750 0.4650 23.2453
v -0.5750 0.4650 23.2453
v 0.5750 0.4100 23.1500
v -0.5750 0.4100 23.1500
v 0.5750 0.4650 23.0547
v -0.5750 0.4650 23.0547
v 0.5750 0.5750 23.0547
v -0.5750 0.5750 23.0547
v 1.2200 1.0400 25.0000
v 1.0800 1.0400 25.0000
v 1.2200 0.9407 25.3056
v 1.0800 0.9407 25.3056
v 1.2200 0.6807 25.4945
v 1.0800 0.6807 25.4945
v 1.2200 0.3593 25.4945
v 1.0800 0.3593 25.4945
v 1.2200 0.0993 25.3056
v 1.0800 0.0993 25.3056
v 1.2200 0.0000 25.0000
v 1.0800 0.0000 25.0000
v 1.2200 0.0993 24.6944
v 1.0800 0.0993 24.6944
v 1.2200 0.3593 24.5055
v 1.0800 0.3593 24.5055
v 1.2200 0.6807 24.5055
v 1.0800 0.6807 24.5055
v 1.2200 0.9407 24.6944
v 1.0800 0.9407 24.6944
v -1.0800 1.0400 25.0000
v -1.2200 1.0400 25.0000
v -1.0800 0.9407 25.3056
v -1.2200 0.9407 25.3056
v -1.0800 0.6807 25.4945
v -1.2200 0.6807 25.4945
v -1.0800 0.3593 25.4945
v -1.2200 0.3593 25.4945
v -1.0800 0.0993 25.3056
v -1.2200 0.0993 25.3056
v -1.0800 0.0000 25.0000
v -1.2200 0.0000 25.0000
v -1.0800 0.0993 24.6944
v -1.2200 0.0993 24.6944
v -1.0800 0.3593 24.5055
v -1.2200 0.3593 24.5055
v -1.0800 0.6807 24.5055
v -1.2200 0.6807 24.5055
v -1.0800 0.9407 24.6944
v -1.2200 0.9407 24.6944
v 0.5750 0.6300 25.0000
v -0.5750 0.6300 25.0000
v 0.5750 0.5750 25.0953
v -0.5750 0.5750 25.0953
v 0.5750 0.4650 25.0953
v -0.5750 0.4650 25.0953
v 0.5750 0.4100 25.0000
v -0.5750 0.4100 25.0000
v 0.5750 0.4650 24.9047
v -0.5750 0.4650 24.9047
v 0.5750 0.5750 24.9047
v -0.5750 0.5750 24.9047
v 1.2200 1.0400 26.8500
v 1.0800 1.0400 26.8500
v 1.2200 0.9407 27.1556
v 1.0800 0.9407 27.1556
v 1.2200 0.6807 27.3445
v 1.0800 0.6807 27.3445
v 1.2200 0.3593 27.3445
v 1.0800 0.3593 27.3445
v 1.2200 0.0993 27.1556
v 1.0800 0.0993 27.1556
v 1.2200 0.0000 26.8500
v 1.0800 0.0000 26.8500
v 1.2200 0.0993 26.5444
v 1.0800 0.0993 26.5444
v 1.2200 0.3593 26.3555
v 1.0800 0.3593 26.3555
v 1.2200 0.6807 26.3555
v 1.0800 0.6807 26.3555
v 1.2200 0.9407 26.5444
v 1.0800 0.9407 26.5444
v -1.0800 1.0400 26.8500
v -1.2200 1.0400 26.8500
v -1.0800 0.9407 27.1556
v -1.2200 0.9407 27.1556
v -1.0800 0.6807 27.3445
v -1.2200 0.6807 27.3445
v -1.0800 0.3593 27.3445
v -1.2200 0.3593 27.3445
v -1.0800 0.0993 27.1556
v -1.2200 0.0993 27.1556
v -1.0800 0.0000 26.8500
v -1.2200 0.0000 26.8500
v -1.0800 0.0993 26.5444
v -1.2200 0.0993 26.5444
v -1.0800 0.3593 26.3555
v -1.2200 0.3593 26.3555
v -1.0800 0.6807 26.3555
v -1.2200 0.6807 26.3555
v -1.0800 0.9407 26.5444
v -1.2200 0.9407 26.5444
v 0.5750 0.6300 26.8500
v -0.5750 0.6300 26.8500
v 0.5750 0.5750 26.9453
v -0.5750 0.5750 26.9453
v 0.5750 0.4650 26.9453
v -0.5750 0.4650 26.9453
v 0.5750 0.4100 26.8500
v -0.5750 0.4100 26.8500
v 0.5750 0.4650 26.7547
v -0.5750 0.4650 26.7547
v 0.5750 0.5750 26.7547
v -0.5750 0.5750 26.7547
v 0.8970 0.8300 21.9250
v 0.8970 1.2500 21.9250
v -0.8970 0.8300 28.0750
v -0.8970 1.2500 28.0750
v 0.8970 0.8300 28.0750
v 0.8970 1.2500 28.0750
v 0.8860 0.5450 21.7750
v 0.8860 1.0950 21.7750
v 1.0460 0.5450 21.7750
v 1.0460 1.0950 21.7750
v 0.8860 0.5450 28.2250
v 0.8860 1.0950 28.2250
v 1.0460 0.5450 28.2250
v 1.0460 1.0950 28.2250
v -1.0460 0.5450 21.7750
v -1.0460 1.0950 21.7750
v -0.8860 0.5450 21.7750
v -0.8860 1.0950 21.7750
v -1.0460 0.5450 28.2250
v -1.0460 1.0950 28.2250
v -0.8860 0.5450 28.2250
v -0.8860 1.0950 28.2250
v -1.5500 0.9100 1.5000
v -1.5500 1.2500 1.5000
v 1.5500 0.9100 1.5000
v 1.5500 1.2500 1.5000
v -1.5500 0.9100 20.5000
v -1.5500 1.2500 20.5000
v 1.5500 0.9100 20.5000
v 1.5500 1.2500 20.5000
v -1.5500 0.6950 1.3200
v -1.5500 1.2450 1.3200
v 1.5500 0.6950 1.3200
v 1.5500 1.2450 1.3200
v -1.5500 0.6950 1.6800
v -1.5500 1.2450 1.6800
v 1.5500 0.6950 1.6800
v 1.5500 1.2450 1.6800
v -0.8190 0.8300 2.5000
v -0.8190 1.2500 2.5000
v 0.2200 0.9200 0.9250
v 0.2200 0.9200 1.4750
v 0.1556 0.7644 0.9250
v 0.1556 0.7644 1.4750
v 0.0000 0.7000 0.9250
v 0.0000 0.7000 1.4750
v -0.1556 0.7644 0.9250
v -0.1556 0.7644 1.4750
v -0.2200 0.9200 0.9250
v -0.2200 0.9200 1.4750
v -0.1556 1.0756 0.9250
v -0.1556 1.0756 1.4750
v 0.0000 1.1400 0.9250
v 0.0000 1.1400 1.4750
v 0.1556 1.0756 0.9250
v 0.1556 1.0756 1.4750
v 1.1200 1.0400 3.7500
v 0.9800 1.0400 3.7500
v 1.1200 0.9407 4.0556
v 0.9800 0.9407 4.0556
v 1.1200 0.6807 4.2445
v 0.9800 0.6807 4.2445
v 1.1200 0.3593 4.2445
v 0.9800 0.3593 4.2445
v 1.1200 0.0993 4.0556
v 0.9800 0.0993 4.0556
v 1.1200 0.0000 3.7500
v 0.9800 0.0000 3.7500
v 1.1200 0.0993 3.4444
v 0.9800 0.0993 3.4444
v 1.1200 0.3593 3.2555
v 0.9800 0.3593 3.2555
v 1.1200 0.6807 3.2555
v 0.9800 0.6807 3.2555
v 1.1200 0.9407 3.4444
v 0.9800 0.9407 3.4444
v -0.9800 1.0400 3.7500
v -1.1200 1.0400 3.7500
v -0.9800 0.9407 4.0556
v -1.1200 0.9407 4.0556
v -0.9800 0.6807 4.2445
v -1.1200 0.6807 4.2445
v -0.9800 0.3593 4.2445
v -1.1200 0.3593 4.2445
v -0.9800 0.0993 4.0556
v -1.1200 0.0993 4.0556
v -0.9800 0.0000 3.7500
v -1.1200 0.0000 3.7500
v -0.9800 0.0993 3.4444
v -1.1200 0.0993 3.4444
v -0.9800 0.3593 3.2555
v -1.1200 0.3593 3.2555
v -0.9800 0.6807 3.2555
v -1.1200 0.6807 3.2555
v -0.9800 0.9407 3.4444
v -1.1200 0.9407 3.4444
v 0.5250 0.6300 3.7500
v -0.5250 0.6300 3.7500
v 0.5250 0.5750 3.8453
v -0.5250 0.5750 3.8453
v 0.5250 0.4650 3.8453
v -0.5250 0.4650 3.8453
v 0.5250 0.4100 3.7500
v -0.5250 0.4100 3.7500
v 0.5250 0.4650 3.6547
v -0.5250 0.4650 3.6547
v 0.5250 0.5750 3.6547
v -0.5250 0.5750 3.6547
v 1.1200 1.0400 5.6500
v 0.9800 1.0400 5.6500
v 1.1200 0.9407 5.9556
v 0.9800 0.9407 5.9556
v 1.1200 0.6807 6.1445
v 0.9800 0.6807 6.1445
v 1.1200 0.3593 6.1445
v 0.9800 0.3593 6.1445
v 1.1200 0.0993 5.9556
v 0.9800 0.0993 5.9556
v 1.1200 0.0000 5.6500
v 0.9800 0.0000 5.6500
v 1.1200 0.0993 5.3444
v 0.9800 0.0993 5.3444
v 1.1200 0.3593 5.1555
v 0.9800 0.3593 5.1555
v 1.1200 0.6807 5.1555
v 0.9800 0.6807 5.1555
v 1.1200 0.9407 5.3444
v 0.9800 0.9407 5.3444
v -0.9800 1.0400 5.6500
v -1.1200 1.0400 5.6500
v -0.9800 0.9407 5.9556
v -1.1200 0.9407 5.9556
v -0.9800 0.6807 6.1445
v -1.1200 0.6807 6.1445
v -0.9800 0.3593 6.1445
v -1.1200 0.3593 6.1445
v -0.9800 0.0993 5.9556
v -1.1200 0.0993 5.9556
v -0.9800 0.0000 5.6500
v -1.1200 0.0000 5.6500
v -0.9800 0.0993 5.3444
v -1.1200 0.0993 5.3444
v -0.9800 0.3593 5.1555
v -1.1200 0.3593 5.1555
v -0.9800 0.6807 5.1555
v -1.1200 0.6807 5.1555
v -0.9800 0.9407 5.3444
v -1.1200 0.9407 5.3444
v 0.5250 0.6300 5.6500
v -0.5250 0.6300 5.6500
v 0.5250 0.5750 5.7453
v -0.5250 0.5750 5.7453
v 0.5250 0.4650 5.7453
v -0.5250 0.4650 5.7453
v 0.5250 0.4100 5.6500
v -0.5250 0.4100 5.6500
v 0.5250 0.4650 5.5547
v -0.5250 0.4650 5.5547
v 0.5250 0.5750 5.5547
v -0.5250 0.5750 5.5547
v 0.8190 0.8300 2.5000
v 0.8190 1.2500 2.5000
v -0.8190 0.8300 6.9000
v -0.8190 1.2500 6.9000
v 0.8190 0.8300 6.9000
v 0.8190 1.2500 6.9000
v 0.8020 0.5450 2.3500
v 0.8020 1.0950 2.3500
v 0.9620 0.5450 2.3500
v 0.9620 1.0950 2.3500
v 0.8020 0.5450 7.0500
v 0.8020 1.0950 7.0500
v 0.9620 0.5450 7.0500
v 0.9620 1.0950 7.0500
v -0.9620 0.5450 2.3500
v -0.9620 1.0950 2.3500
v -0.8020 0.5450 2.3500
v -0.8020 1.0950 2.3500
v -0.9620 0.5450 7.0500
v -0.9620 1.0950 7.0500
v -0.8020 0.5450 7.0500
v -0.8020 1.0950 7.0500
v -1.5500 0.6950 20.3200
v -1.5500 1.2450 20.3200
v 1.5500 0.6950 20.3200
v 1.5500 1.2450 20.3200
v -1.5500 0.6950 20.6800
v -1.5500 1.2450 20.6800
v 1.5500 0.6950 20.6800
v 1.5500 1.2450 20.6800
v -0.8190 0.8300 15.1000
v -0.8190 1.2500 15.1000
v 0.2200 0.9200 20.5250
v 0.2200 0.9200 21.0750
v 0.1556 0.7644 20.5250
v 0.1556 0.7644 21.0750
v 0.0000 0.7000 20.5250
v 0.0000 0.7000 21.0750
v -0.1556 0.7644 20.5250
v -0.1556 0.7644 21.0750
v -0.2200 0.9200 20.5250
v -0.2200 0.9200 21.0750
v -0.1556 1.0756 20.5250
v -0.1556 1.0756 21.0750
v 0.0000 1.1400 20.5250
v 0.0000 1.1400 21.0750
v 0.1556 1.0756 20.5250
v 0.1556 1.0756 21.0750
v 1.1200 1.0400 16.3500
v 0.9800 1.0400 16.3500
v 1.1200 0.9407 16.6556
v 0.9800 0.9407 16.6556
v 1.1200 0.6807 16.8445
v 0.9800 0.6807 16.8445
v 1.1200 0.3593 16.8445
v 0.9800 0.3593 16.8445
v 1.1200 0.0993 16.6556
v 0.9800 0.0993 16.6556
v 1.1200 0.0000 16.3500
v 0.9800 0.0000 16.3500
v 1.1200 0.0993 16.0444
v 0.9800 0.0993 16.0444
v 1.1200 0.3593 15.8555
v 0.9800 0.3593 15.8555
v 1.1200 0.6807 15.8555
v 0.9800 0.6807 15.8555
v 1.1200 0.9407 16.0444
v 0.9800 0.9407 16.0444
v -0.9800 1.0400 16.3500
v -1.1200 1.0400 16.3500
v -0.9800 0.9407 16.6556
v -1.1200 0.9407 16.6556
v -0.9800 0.6807 16.8445
v -1.1200 0.6807 16.8445
v -0.9800 0.3593 16.8445
v -1.1200 0.3593 16.8445
v -0.9800 0.0993 16.6556
v -1.1200 0.0993 16.6556
v -0.9800 0.0000 16.3500
v -1.1200 0.0000 16.3500
v -0.9800 0.0993 16.0444
v -1.1200 0.0993 16.0444
v -0.9800 0.3593 15.8555
v -1.1200 0.3593 15.8555
v -0.9800 0.6807 15.8555
v -1.1200 0.6807 15.8555
v -0.9800 0.9407 16.0444
v -1.1200 0.9407 16.0444
v 0.5250 0.6300 16.3500
v -0.5250 0.6300 16.3500
v 0.5250 0.5750 16.4453
v -0.5250 0.5750 16.4453
v 0.5250 0.4650 16.4453
v -0.5250 0.4650 16.4453
v 0.5250 0.4100 16.3500
v -0.5250 0.4100 16.3500
v 0.5250 0.4650 16.2547
v -0.5250 0.4650 16.2547
v 0.5250 0.5750 16.2547
v -0.5250 0.5750 16.2547
v 1.1200 1.0400 18.2500
v 0.9800 1.0400 18.2500
v 1.1200 0.9407 18.5556
v 0.9800 0.9407 18.5556
v 1.1200 0.6807 18.7445
v 0.9800 0.6807 18.7445
v 1.1200 0.3593 18.7445
v 0.9800 0.3593 18.7445
v 1.1200 0.0993 18.5556
v 0.9800 0.0993 18.5556
v 1.1200 0.0000 18.2500
v 0.9800 0.0000 18.2500
v 1.1200 0.0993 17.9444
v 0.9800 0.0993 17.9444
v 1.1200 0.3593 17.7555
v 0.9800 0.3593 17.7555
v 1.1200 0.6807 17.7555
v 0.9800 0.6807 17.7555
v 1.1200 0.9407 17.9444
v 0.9800 0.9407 17.9444
v -0.9800 1.0400 18.2500
v -1.1200 1.0400 18.2500
v -0.9800 0.9407 18.5556
v -1.1200 0.9407 18.5556
v -0.9800 0.6807 18.7445
v -1.1200 0.6807 18.7445
v -0.9800 0.3593 18.7445
v -1.1200 0.3593 18.7445
v -0.9800 0.0993 18.5556
v -1.1200 0.0993 18.5556
v -0.9800 0.0000 18.2500
v -1.1200 0.0000 18.2500
v -0.9800 0.0993 17.9444
v -1.1200 0.0993 17.9444
v -0.9800 0.3593 17.7555
v -1.1200 0.3593 17.7555
v -0.9800 0.6807 17.7555
v -1.1200 0.6807 17.7555
v -0.9800 0.9407 17.9444
v -1.1200 0.9407 17.9444
v 0.5250 0.6300 18.2500
v -0.5250 0.6300 18.2500
v 0.5250 0.5750 18.3453
v -0.5250 0.5750 18.3453
v 0.5250 0.4650 18.3453
v -0.5250 0.4650 18.3453
v 0.5250 0.4100 18.2500
v -0.5250 0.4100 18.2500
v 0.5250 0.4650 18.1547
v -0.5250 0.4650 18.1547
v 0.5250 0.5750 18.1547
v -0.5250 0.5750 18.1547
v 0.8190 0.8300 15.1000
v 0.8190 1.2500 15.1000
v -0.8190 0.8300 19.5000
v -0.8190 1.2500 19.5000
v 0.8190 0.8300 19.5000
v 0.8190 1.2500 19.5000
v 0.8020 0.5450 14.9500
v 0.8020 1.0950 14.9500
v 0.9620 0.5450 14.9500
v 0.9620 1.0950 14.9500
v 0.8020 0.5450 19.6500
v 0.8020 1.0950 19.6500
v 0.9620 0.5450 19.6500
v 0.9620 1.0950 19.6500
v -0.9620 0.5450 14.9500
v -0.9620 1.0950 14.9500
v -0.8020 0.5450 14.9500
v -0.8020 1.0950 14.9500
v -0.9620 0.5450 19.6500
v -0.9620 1.0950 19.6500
v -0.8020 0.5450 19.6500
v -0.8020 1.0950 19.6500
v -1.5000 1.3300 1.8000
v -1.5000 4.3300 1.8000
v 1.5000 1.3300 1.8000
v 1.5000 4.3300 1.8000
v -1.5000 1.3300 20.2000
v -1.5000 4.3300 20.2000
v 1.5000 1.3300 20.2000
v 1.5000 4.3300 20.2000
v -1.5300 4.3300 1.7000
v -1.5300 4.3300 20.3000
v 1.5300 4.3300 20.3000
v 1.5300 4.3300 1.7000
v -0.5202 4.6700 1.7000
v -0.5202 4.6700 20.3000
v 0.5202 4.6700 20.3000
v 0.5202 4.6700 1.7000
v 1.4400 2.9200 3.0750
v 1.4400 3.8400 3.0750
v 1.5600 2.9200 3.0750
v 1.5600 3.8400 3.0750
v 1.4400 2.9200 4.1250
v 1.4400 3.8400 4.1250
v 1.5600 2.9200 4.1250
v 1.5600 3.8400 4.1250
v 1.4400 2.9200 4.9250
v 1.4400 3.8400 4.9250
v 1.5600 2.9200 4.9250
v 1.5600 3.8400 4.9250
v 1.4400 2.9200 5.9750
v 1.4400 3.8400 5.9750
v 1.5600 2.9200 5.9750
v 1.5600 3.8400 5.9750
v 1.4400 2.9200 6.7750
v 1.4400 3.8400 6.7750
v 1.5600 2.9200 6.7750
v 1.5600 3.8400 6.7750
v 1.4400 2.9200 7.8250
v 1.4400 3.8400 7.8250
v 1.5600 2.9200 7.8250
v 1.5600 3.8400 7.8250
v 1.4400 2.9200 8.6250
v 1.4400 3.8400 8.6250
v 1.5600 2.9200 8.6250
v 1.5600 3.8400 8.6250
v 1.4400 2.9200 9.6750
v 1.4400 3.8400 9.6750
v 1.5600 2.9200 9.6750
v 1.5600 3.8400 9.6750
v 1.4400 2.9200 10.4750
v 1.4400 3.8400 10.4750
v 1.5600 2.9200 10.4750
v 1.5600 3.8400 10.4750
v 1.4400 2.9200 11.5250
v 1.4400 3.8400 11.5250
v 1.5600 2.9200 11.5250
v 1.5600 3.8400 11.5250
v 1.4400 2.9200 12.3250
v 1.4400 3.8400 12.3250
v 1.5600 2.9200 12.3250
v 1.5600 3.8400 12.3250
v 1.4400 2.9200 13.3750
v 1.4400 3.8400 13.3750
v 1.5600 2.9200 13.3750
v 1.5600 3.8400 13.3750
v 1.4400 2.9200 14.1750
v 1.4400 3.8400 14.1750
v 1.5600 2.9200 14.1750
v 1.5600 3.8400 14.1750
v 1.4400 2.9200 15.2250
v 1.4400 3.8400 15.2250
v 1.5600 2.9200 15.2250
v 1.5600 3.8400 15.2250
v 1.4400 2.9200 16.0250
v 1.4400 3.8400 16.0250
v 1.5600 2.9200 16.0250
v 1.5600 3.8400 16.0250
v 1.4400 2.9200 17.0750
v 1.4400 3.8400 17.0750
v 1.5600 2.9200 17.0750
v 1.5600 3.8400 17.0750
v 1.4400 2.9200 17.8750
v 1.4400 3.8400 17.8750
v 1.5600 2.9200 17.8750
v 1.5600 3.8400 17.8750
v 1.4400 2.9200 18.9250
v 1.4400 3.8400 18.9250
v 1.5600 2.9200 18.9250
v 1.5600 3.8400 18.9250
v 1.4400 1.3550 2.5500
v 1.4400 3.4050 2.5500
v 1.5600 1.3550 2.5500
v 1.5600 3.4050 2.5500
v 1.4400 1.3550 3.6500
v 1.4400 3.4050 3.6500
v 1.5600 1.3550 3.6500
v 1.5600 3.4050 3.6500
v 1.4800 1.3400 2.5000
v 1.4800 1.4400 2.5000
v 1.5800 1.3400 2.5000
v 1.5800 1.4400 2.5000
v 1.4800 1.3400 3.7000
v 1.4800 1.4400 3.7000
v 1.5800 1.3400 3.7000
v 1.5800 1.4400 3.7000
v 1.4400 1.3550 18.3500
v 1.4400 3.4050 18.3500
v 1.5600 1.3550 18.3500
v 1.5600 3.4050 18.3500
v 1.4400 1.3550 19.4500
v 1.4400 3.4050 19.4500
v 1.5600 1.3550 19.4500
v 1.5600 3.4050 19.4500
v 1.4800 1.3400 18.3000
v 1.4800 1.4400 18.3000
v 1.5800 1.3400 18.3000
v 1.5800 1.4400 18.3000
v 1.4800 1.3400 19.5000
v 1.4800 1.4400 19.5000
v 1.5800 1.3400 19.5000
v 1.5800 1.4400 19.5000
v 1.4500 4.2700 2.1000
v 1.4500 4.4300 2.1000
v 1.5900 4.2700 2.1000
v 1.5900 4.4300 2.1000
v 1.4500 4.2700 19.9000
v 1.4500 4.4300 19.9000
v 1.5900 4.2700 19.9000
v 1.5900 4.4300 19.9000
v -1.5600 2.9200 3.0750
v -1.5600 3.8400 3.0750
v -1.4400 2.9200 3.0750
v -1.4400 3.8400 3.0750
v -1.5600 2.9200 4.1250
v -1.5600 3.8400 4.1250
v -1.4400 2.9200 4.1250
v -1.4400 3.8400 4.1250
v -1.5600 2.9200 4.9250
v -1.5600 3.8400 4.9250
v -1.4400 2.9200 4.9250
v -1.4400 3.8400 4.9250
v -1.5600 2.9200 5.9750
v -1.5600 3.8400 5.9750
v -1.4400 2.9200 5.9750
v -1.4400 3.8400 5.9750
v -1.5600 2.9200 6.7750
v -1.5600 3.8400 6.7750
v -1.4400 2.9200 6.7750
v -1.4400 3.8400 6.7750
v -1.5600 2.9200 7.8250
v -1.5600 3.8400 7.8250
v -1.4400 2.9200 7.8250
v -1.4400 3.8400 7.8250
v -1.5600 2.9200 8.6250
v -1.5600 3.8400 8.6250
v -1.4400 2.9200 8.6250
v -1.4400 3.8400 8.6250
v -1.5600 2.9200 9.6750
v -1.5600 3.8400 9.6750
v -1.4400 2.9200 9.6750
v -1.4400 3.8400 9.6750
v -1.5600 2.9200 10.4750
v -1.5600 3.8400 10.4750
v -1.4400 2.9200 10.4750
v -1.4400 3.8400 10.4750
v -1.5600 2.9200 11.5250
v -1.5600 3.8400 11.5250
v -1.4400 2.9200 11.5250
v -1.4400 3.8400 11.5250
v -1.5600 2.9200 12.3250
v -1.5600 3.8400 12.3250
v -1.4400 2.9200 12.3250
v -1.4400 3.8400 12.3250
v -1.5600 2.9200 13.3750
v -1.5600 3.8400 13.3750
v -1.4400 2.9200 13.3750
v -1.4400 3.8400 13.3750
v -1.5600 2.9200 14.1750
v -1.5600 3.8400 14.1750
v -1.4400 2.9200 14.1750
v -1.4400 3.8400 14.1750
v -1.5600 2.9200 15.2250
v -1.5600 3.8400 15.2250
v -1.4400 2.9200 15.2250
v -1.4400 3.8400 15.2250
v -1.5600 2.9200 16.0250
v -1.5600 3.8400 16.0250
v -1.4400 2.9200 16.0250
v -1.4400 3.8400 16.0250
v -1.5600 2.9200 17.0750
v -1.5600 3.8400 17.0750
v -1.4400 2.9200 17.0750
v -1.4400 3.8400 17.0750
v -1.5600 2.9200 17.8750
v -1.5600 3.8400 17.8750
v -1.4400 2.9200 17.8750
v -1.4400 3.8400 17.8750
v -1.5600 2.9200 18.9250
v -1.5600 3.8400 18.9250
v -1.4400 2.9200 18.9250
v -1.4400 3.8400 18.9250
v -1.5600 1.3550 2.5500
v -1.5600 3.4050 2.5500
v -1.4400 1.3550 2.5500
v -1.4400 3.4050 2.5500
v -1.5600 1.3550 3.6500
v -1.5600 3.4050 3.6500
v -1.4400 1.3550 3.6500
v -1.4400 3.4050 3.6500
v -1.5800 1.3400 2.5000
v -1.5800 1.4400 2.5000
v -1.4800 1.3400 2.5000
v -1.4800 1.4400 2.5000
v -1.5800 1.3400 3.7000
v -1.5800 1.4400 3.7000
v -1.4800 1.3400 3.7000
v -1.4800 1.4400 3.7000
v -1.5600 1.3550 18.3500
v -1.5600 3.4050 18.3500
v -1.4400 1.3550 18.3500
v -1.4400 3.4050 18.3500
v -1.5600 1.3550 19.4500
v -1.5600 3.4050 19.4500
v -1.4400 1.3550 19.4500
v -1.4400 3.4050 19.4500
v -1.5800 1.3400 18.3000
v -1.5800 1.4400 18.3000
v -1.4800 1.3400 18.3000
v -1.4800 1.4400 18.3000
v -1.5800 1.3400 19.5000
v -1.5800 1.4400 19.5000
v -1.4800 1.3400 19.5000
v -1.4800 1.4400 19.5000
v -1.5900 4.2700 2.1000
v -1.5900 4.4300 2.1000
v -1.4500 4.2700 2.1000
v -1.4500 4.4300 2.1000
v -1.5900 4.2700 19.9000
v -1.5900 4.4300 19.9000
v -1.4500 4.2700 19.9000
v -1.4500 4.4300 19.9000
v -0.2750 4.6200 4.7250
v -0.2750 4.8800 4.7250
v 0.2750 4.6200 4.7250
v 0.2750 4.8800 4.7250
v -0.2750 4.6200 5.2750
v -0.2750 4.8800 5.2750
v 0.2750 4.6200 5.2750
v 0.2750 4.8800 5.2750
v -0.2750 4.6200 8.7250
v -0.2750 4.8800 8.7250
v 0.2750 4.6200 8.7250
v 0.2750 4.8800 8.7250
v -0.2750 4.6200 9.2750
v -0.2750 4.8800 9.2750
v 0.2750 4.6200 9.2750
v 0.2750 4.8800 9.2750
v -0.2750 4.6200 12.7250
v -0.2750 4.8800 12.7250
v 0.2750 4.6200 12.7250
v 0.2750 4.8800 12.7250
v -0.2750 4.6200 13.2750
v -0.2750 4.8800 13.2750
v 0.2750 4.6200 13.2750
v 0.2750 4.8800 13.2750
v -0.2750 4.6200 16.7250
v -0.2750 4.8800 16.7250
v 0.2750 4.6200 16.7250
v 0.2750 4.8800 16.7250
v -0.2750 4.6200 17.2750
v -0.2750 4.8800 17.2750
v 0.2750 4.6200 17.2750
v 0.2750 4.8800 17.2750
v -1.5500 0.9100 -16.5000
v -1.5500 1.2500 -16.5000
v 1.5500 0.9100 -16.5000
v 1.5500 1.2500 -16.5000
v -1.5500 0.9100 0.5000
v -1.5500 1.2500 0.5000
v 1.5500 0.9100 0.5000
v 1.5500 1.2500 0.5000
v -1.5500 0.6950 -16.6800
v -1.5500 1.2450 -16.6800
v 1.5500 0.6950 -16.6800
v 1.5500 1.2450 -16.6800
v -1.5500 0.6950 -16.3200
v -1.5500 1.2450 -16.3200
v 1.5500 0.6950 -16.3200
v 1.5500 1.2450 -16.3200
v -0.8190 0.8300 -15.5000
v -0.8190 1.2500 -15.5000
v 0.2200 0.9200 -17.0750
v 0.2200 0.9200 -16.5250
v 0.1556 0.7644 -17.0750
v 0.1556 0.7644 -16.5250
v 0.0000 0.7000 -17.0750
v 0.0000 0.7000 -16.5250
v -0.1556 0.7644 -17.0750
v -0.1556 0.7644 -16.5250
v -0.2200 0.9200 -17.0750
v -0.2200 0.9200 -16.5250
v -0.1556 1.0756 -17.0750
v -0.1556 1.0756 -16.5250
v 0.0000 1.1400 -17.0750
v 0.0000 1.1400 -16.5250
v 0.1556 1.0756 -17.0750
v 0.1556 1.0756 -16.5250
v 1.1200 1.0400 -14.2500
v 0.9800 1.0400 -14.2500
v 1.1200 0.9407 -13.9444
v 0.9800 0.9407 -13.9444
v 1.1200 0.6807 -13.7555
v 0.9800 0.6807 -13.7555
v 1.1200 0.3593 -13.7555
v 0.9800 0.3593 -13.7555
v 1.1200 0.0993 -13.9444
v 0.9800 0.0993 -13.9444
v 1.1200 0.0000 -14.2500
v 0.9800 0.0000 -14.2500
v 1.1200 0.0993 -14.5556
v 0.9800 0.0993 -14.5556
v 1.1200 0.3593 -14.7445
v 0.9800 0.3593 -14.7445
v 1.1200 0.6807 -14.7445
v 0.9800 0.6807 -14.7445
v 1.1200 0.9407 -14.5556
v 0.9800 0.9407 -14.5556
v -0.9800 1.0400 -14.2500
v -1.1200 1.0400 -14.2500
v -0.9800 0.9407 -13.9444
v -1.1200 0.9407 -13.9444
v -0.9800 0.6807 -13.7555
v -1.1200 0.6807 -13.7555
v -0.9800 0.3593 -13.7555
v -1.1200 0.3593 -13.7555
v -0.9800 0.0993 -13.9444
v -1.1200 0.0993 -13.9444
v -0.9800 0.0000 -14.2500
v -1.1200 0.0000 -14.2500
v -0.9800 0.0993 -14.5556
v -1.1200 0.0993 -14.5556
v -0.9800 0.3593 -14.7445
v -1.1200 0.3593 -14.7445
v -0.9800 0.6807 -14.7445
v -1.1200 0.6807 -14.7445
v -0.9800 0.9407 -14.5556
v -1.1200 0.9407 -14.5556
v 0.5250 0.6300 -14.2500
v -0.5250 0.6300 -14.2500
v 0.5250 0.5750 -14.1547
v -0.5250 0.5750 -14.1547
v 0.5250 0.4650 -14.1547
v -0.5250 0.4650 -14.1547
v 0.5250 0.4100 -14.2500
v -0.5250 0.4100 -14.2500
v 0.5250 0.4650 -14.3453
v -0.5250 0.4650 -14.3453
v 0.5250 0.5750 -14.3453
v -0.5250 0.5750 -14.3453
v 1.1200 1.0400 -12.3500
v 0.9800 1.0400 -12.3500
v 1.1200 0.9407 -12.0444
v 0.9800 0.9407 -12.0444
v 1.1200 0.6807 -11.8555
v 0.9800 0.6807 -11.8555
v 1.1200 0.3593 -11.8555
v 0.9800 0.3593 -11.8555
v 1.1200 0.0993 -12.0444
v 0.9800 0.0993 -12.0444
v 1.1200 0.0000 -12.3500
v 0.9800 0.0000 -12.3500
v 1.1200 0.0993 -12.6556
v 0.9800 0.0993 -12.6556
v 1.1200 0.3593 -12.8446
v 0.9800 0.3593 -12.8446
v 1.1200 0.6807 -12.8446
v 0.9800 0.6807 -12.8446
v 1.1200 0.9407 -12.6556
v 0.9800 0.9407 -12.6556
v -0.9800 1.0400 -12.3500
v -1.1200 1.0400 -12.3500
v -0.9800 0.9407 -12.0444
v -1.1200 0.9407 -12.0444
v -0.9800 0.6807 -11.8555
v -1.1200 0.6807 -11.8555
v -0.9800 0.3593 -11.8555
v -1.1200 0.3593 -11.8555
v -0.9800 0.0993 -12.0444
v -1.1200 0.0993 -12.0444
v -0.9800 0.0000 -12.3500
v -1.1200 0.0000 -12.3500
v -0.9800 0.0993 -12.6556
v -1.1200 0.0993 -12.6556
v -0.9800 0.3593 -12.8446
v -1.1200 0.3593 -12.8446
v -0.9800 0.6807 -12.8446
v -1.1200 0.6807 -12.8446
v -0.9800 0.9407 -12.6556
v -1.1200 0.9407 -12.6556
v 0.5250 0.6300 -12.3500
v -0.5250 0.6300 -12.3500
v 0.5250 0.5750 -12.2547
v -0.5250 0.5750 -12.2547
v 0.5250 0.4650 -12.2547
v -0.5250 0.4650 -12.2547
v 0.5250 0.4100 -12.3500
v -0.5250 0.4100 -12.3500
v 0.5250 0.4650 -12.4453
v -0.5250 0.4650 -12.4453
v 0.5250 0.5750 -12.4453
v -0.5250 0.5750 -12.4453
v 0.8190 0.8300 -15.5000
v 0.8190 1.2500 -15.5000
v -0.8190 0.8300 -11.1000
v -0.8190 1.2500 -11.1000
v 0.8190 0.8300 -11.1000
v 0.8190 1.2500 -11.1000
v 0.8020 0.5450 -15.6500
v 0.8020 1.0950 -15.6500
v 0.9620 0.5450 -15.6500
v 0.9620 1.0950 -15.6500
v 0.8020 0.5450 -10.9500
v 0.8020 1.0950 -10.9500
v 0.9620 0.5450 -10.9500
v 0.9620 1.0950 -10.9500
v -0.9620 0.5450 -15.6500
v -0.9620 1.0950 -15.6500
v -0.8020 0.5450 -15.6500
v -0.8020 1.0950 -15.6500
v -0.9620 0.5450 -10.9500
v -0.9620 1.0950 -10.9500
v -0.8020 0.5450 -10.9500
v -0.8020 1.0950 -10.9500
v -1.5500 0.6950 0.3200
v -1.5500 1.2450 0.3200
v 1.5500 0.6950 0.3200
v 1.5500 1.2450 0.3200
v -1.5500 0.6950 0.6800
v -1.5500 1.2450 0.6800
v 1.5500 0.6950 0.6800
v 1.5500 1.2450 0.6800
v -0.8190 0.8300 -4.9000
v -0.8190 1.2500 -4.9000
v 0.2200 0.9200 0.5250
v 0.2200 0.9200 1.0750
v 0.1556 0.7644 0.5250
v 0.1556 0.7644 1.0750
v 0.0000 0.7000 0.5250
v 0.0000 0.7000 1.0750
v -0.1556 0.7644 0.5250
v -0.1556 0.7644 1.0750
v -0.2200 0.9200 0.5250
v -0.2200 0.9200 1.0750
v -0.1556 1.0756 0.5250
v -0.1556 1.0756 1.0750
v 0.0000 1.1400 0.5250
v 0.0000 1.1400 1.0750
v 0.1556 1.0756 0.5250
v 0.1556 1.0756 1.0750
v 1.1200 1.0400 -3.6500
v 0.9800 1.0400 -3.6500
v 1.1200 0.9407 -3.3444
v 0.9800 0.9407 -3.3444
v 1.1200 0.6807 -3.1555
v 0.9800 0.6807 -3.1555
v 1.1200 0.3593 -3.1555
v 0.9800 0.3593 -3.1555
v 1.1200 0.0993 -3.3444
v 0.9800 0.0993 -3.3444
v 1.1200 0.0000 -3.6500
v 0.9800 0.0000 -3.6500
v 1.1200 0.0993 -3.9556
v 0.9800 0.0993 -3.9556
v 1.1200 0.3593 -4.1445
v 0.9800 0.3593 -4.1445
v 1.1200 0.6807 -4.1445
v 0.9800 0.6807 -4.1445
v 1.1200 0.9407 -3.9556
v 0.9800 0.9407 -3.9556
v -0.9800 1.0400 -3.6500
v -1.1200 1.0400 -3.6500
v -0.9800 0.9407 -3.3444
v -1.1200 0.9407 -3.3444
v -0.9800 0.6807 -3.1555
v -1.1200 0.6807 -3.1555
v -0.9800 0.3593 -3.1555
v -1.1200 0.3593 -3.1555
v -0.9800 0.0993 -3.3444
v -1.1200 0.0993 -3.3444
v -0.9800 0.0000 -3.6500
v -1.1200 0.0000 -3.6500
v -0.9800 0.0993 -3.9556
v -1.1200 0.0993 -3.9556
v -0.9800 0.3593 -4.1445
v -1.1200 0.3593 -4.1445
v -0.9800 0.6807 -4.1445
v -1.1200 0.6807 -4.1445
v -0.9800 0.9407 -3.9556
v -1.1200 0.9407 -3.9556
v 0.5250 0.6300 -3.6500
v -0.5250 0.6300 -3.6500
v 0.5250 0.5750 -3.5547
v -0.5250 0.5750 -3.5547
v 0.5250 0.4650 -3.5547
v -0.5250 0.4650 -3.5547
v 0.5250 0.4100 -3.6500
v -0.5250 0.4100 -3.6500
v 0.5250 0.4650 -3.7453
v -0.5250 0.4650 -3.7453
v 0.5250 0.5750 -3.7453
v -0.5250 0.5750 -3.7453
v 1.1200 1.0400 -1.7500
v 0.9800 1.0400 -1.7500
v 1.1200 0.9407 -1.4444
v 0.9800 0.9407 -1.4444
v 1.1200 0.6807 -1.2555
v 0.9800 0.6807 -1.2555
v 1.1200 0.3593 -1.2555
v 0.9800 0.3593 -1.2555
v 1.1200 0.0993 -1.4444
v 0.9800 0.0993 -1.4444
v 1.1200 0.0000 -1.7500
v 0.9800 0.0000 -1.7500
v 1.1200 0.0993 -2.0556
v 0.9800 0.0993 -2.0556
v 1.1200 0.3593 -2.2445
v 0.9800 0.3593 -2.2445
v 1.1200 0.6807 -2.2445
v 0.9800 0.6807 -2.2445
v 1.1200 0.9407 -2.0556
v 0.9800 0.9407 -2.0556
v -0.9800 1.0400 -1.7500
v -1.1200 1.0400 -1.7500
v -0.9800 0.9407 -1.4444
v -1.1200 0.9407 -1.4444
v -0.9800 0.6807 -1.2555
v -1.1200 0.6807 -1.2555
v -0.9800 0.3593 -1.2555
v -1.1200 0.3593 -1.2555
v -0.9800 0.0993 -1.4444
v -1.1200 0.0993 -1.4444
v -0.9800 0.0000 -1.7500
v -1.1200 0.0000 -1.7500
v -0.9800 0.0993 -2.0556
v -1.1200 0.0993 -2.0556
v -0.9800 0.3593 -2.2445
v -1.1200 0.3593 -2.2445
v -0.9800 0.6807 -2.2445
v -1.1200 0.6807 -2.2445
v -0.9800 0.9407 -2.0556
v -1.1200 0.9407 -2.0556
v 0.5250 0.6300 -1.7500
v -0.5250 0.6300 -1.7500
v 0.5250 0.5750 -1.6547
v -0.5250 0.5750 -1.6547
v 0.5250 0.4650 -1.6547
v -0.5250 0.4650 -1.6547
v 0.5250 0.4100 -1.7500
v -0.5250 0.4100 -1.7500
v 0.5250 0.4650 -1.8453
v -0.5250 0.4650 -1.8453
v 0.5250 0.5750 -1.8453
v -0.5250 0.5750 -1.8453
v 0.8190 0.8300 -4.9000
v 0.8190 1.2500 -4.9000
v -0.8190 0.8300 -0.5000
v -0.8190 1.2500 -0.5000
v 0.8190 0.8300 -0.5000
v 0.8190 1.2500 -0.5000
v 0.8020 0.5450 -5.0500
v 0.8020 1.0950 -5.0500
v 0.9620 0.5450 -5.0500
v 0.9620 1.0950 -5.0500
v 0.8020 0.5450 -0.3500
v 0.8020 1.0950 -0.3500
v 0.9620 0.5450 -0.3500
v 0.9620 1.0950 -0.3500
v -0.9620 0.5450 -5.0500
v -0.9620 1.0950 -5.0500
v -0.8020 0.5450 -5.0500
v -0.8020 1.0950 -5.0500
v -0.9620 0.5450 -0.3500
v -0.9620 1.0950 -0.3500
v -0.8020 0.5450 -0.3500
v -0.8020 1.0950 -0.3500
v -1.5000 1.3350 -16.2000
v -1.5000 4.3850 -16.2000
v 1.5000 1.3350 -16.2000
v 1.5000 4.3850 -16.2000
v -1.5000 1.3350 0.2000
v -1.5000 4.3850 0.2000
v 1.5000 1.3350 0.2000
v 1.5000 4.3850 0.2000
v -1.5300 4.3800 -16.3000
v -1.5300 4.3800 0.3000
v 1.5300 4.3800 0.3000
v 1.5300 4.3800 -16.3000
v -0.5202 4.7200 -16.3000
v -0.5202 4.7200 0.3000
v 0.5202 4.7200 0.3000
v 0.5202 4.7200 -16.3000
v 1.4500 1.4550 -9.7000
v 1.4500 3.8050 -9.7000
v 1.5900 1.4550 -9.7000
v 1.5900 3.8050 -9.7000
v 1.4500 1.4550 -6.3000
v 1.4500 3.8050 -6.3000
v 1.5900 1.4550 -6.3000
v 1.5900 3.8050 -6.3000
v 1.5000 3.8200 -9.8000
v 1.5000 3.9600 -9.8000
v 1.6000 3.8200 -9.8000
v 1.6000 3.9600 -9.8000
v 1.5000 3.8200 -6.2000
v 1.5000 3.9600 -6.2000
v 1.6000 3.8200 -6.2000
v 1.6000 3.9600 -6.2000
v 1.4700 1.4300 -6.3800
v 1.4700 3.8300 -6.3800
v 1.6300 1.4300 -6.3800
v 1.6300 3.8300 -6.3800
v 1.4700 1.4300 -6.2200
v 1.4700 3.8300 -6.2200
v 1.6300 1.4300 -6.2200
v 1.6300 3.8300 -6.2200
v 1.4700 1.4300 -9.7800
v 1.4700 3.8300 -9.7800
v 1.6300 1.4300 -9.7800
v 1.6300 3.8300 -9.7800
v 1.4700 1.4300 -9.6200
v 1.4700 3.8300 -9.6200
v 1.6300 1.4300 -9.6200
v 1.6300 3.8300 -9.6200
v 1.4800 1.4300 -15.2500
v 1.4800 4.0300 -15.2500
v 1.5800 1.4300 -15.2500
v 1.5800 4.0300 -15.2500
v 1.4800 1.4300 -14.7500
v 1.4800 4.0300 -14.7500
v 1.5800 1.4300 -14.7500
v 1.5800 4.0300 -14.7500
v 1.4800 1.4300 -1.2500
v 1.4800 4.0300 -1.2500
v 1.5800 1.4300 -1.2500
v 1.5800 4.0300 -1.2500
v 1.4800 1.4300 -0.7500
v 1.4800 4.0300 -0.7500
v 1.5800 1.4300 -0.7500
v 1.5800 4.0300 -0.7500
v -1.5900 1.4550 -9.7000
v -1.5900 3.8050 -9.7000
v -1.4500 1.4550 -9.7000
v -1.4500 3.8050 -9.7000
v -1.5900 1.4550 -6.3000
v -1.5900 3.8050 -6.3000
v -1.4500 1.4550 -6.3000
v -1.4500 3.8050 -6.3000
v -1.6000 3.8200 -9.8000
v -1.6000 3.9600 -9.8000
v -1.5000 3.8200 -9.8000
v -1.5000 3.9600 -9.8000
v -1.6000 3.8200 -6.2000
v -1.6000 3.9600 -6.2000
v -1.5000 3.8200 -6.2000
v -1.5000 3.9600 -6.2000
v -1.6300 1.4300 -6.3800
v -1.6300 3.8300 -6.3800
v -1.4700 1.4300 -6.3800
v -1.4700 3.8300 -6.3800
v -1.6300 1.4300 -6.2200
v -1.6300 3.8300 -6.2200
v -1.4700 1.4300 -6.2200
v -1.4700 3.8300 -6.2200
v -1.6300 1.4300 -9.7800
v -1.6300 3.8300 -9.7800
v -1.4700 1.4300 -9.7800
v -1.4700 3.8300 -9.7800
v -1.6300 1.4300 -9.6200
v -1.6300 3.8300 -9.6200
v -1.4700 1.4300 -9.6200
v -1.4700 3.8300 -9.6200
v -1.5800 1.4300 -15.2500
v -1.5800 4.0300 -15.2500
v -1.4800 1.4300 -15.2500
v -1.4800 4.0300 -15.2500
v -1.5800 1.4300 -14.7500
v -1.5800 4.0300 -14.7500
v -1.4800 1.4300 -14.7500
v -1.4800 4.0300 -14.7500
v -1.5800 1.4300 -1.2500
v -1.5800 4.0300 -1.2500
v -1.4800 1.4300 -1.2500
v -1.4800 4.0300 -1.2500
v -1.5800 1.4300 -0.7500
v -1.5800 4.0300 -0.7500
v -1.4800 1.4300 -0.7500
v -1.4800 4.0300 -0.7500
v -1.5500 0.9100 -37.0000
v -1.5500 1.2500 -37.0000
v 1.5500 0.9100 -37.0000
v 1.5500 1.2500 -37.0000
v -1.5500 0.9100 -18.0000
v -1.5500 1.2500 -18.0000
v 1.5500 0.9100 -18.0000
v 1.5500 1.2500 -18.0000
v -1.5500 0.6950 -37.1800
v -1.5500 1.2450 -37.1800
v 1.5500 0.6950 -37.1800
v 1.5500 1.2450 -37.1800
v -1.5500 0.6950 -36.8200
v -1.5500 1.2450 -36.8200
v 1.5500 0.6950 -36.8200
v 1.5500 1.2450 -36.8200
v -0.8190 0.8300 -36.0000
v -0.8190 1.2500 -36.0000
v 0.2200 0.9200 -37.5750
v 0.2200 0.9200 -37.0250
v 0.1556 0.7644 -37.5750
v 0.1556 0.7644 -37.0250
v 0.0000 0.7000 -37.5750
v 0.0000 0.7000 -37.0250
v -0.1556 0.7644 -37.5750
v -0.1556 0.7644 -37.0250
v -0.2200 0.9200 -37.5750
v -0.2200 0.9200 -37.0250
v -0.1556 1.0756 -37.5750
v -0.1556 1.0756 -37.0250
v 0.0000 1.1400 -37.5750
v 0.0000 1.1400 -37.0250
v 0.1556 1.0756 -37.5750
v 0.1556 1.0756 -37.0250
v 1.1200 1.0400 -34.7500
v 0.9800 1.0400 -34.7500
v 1.1200 0.9407 -34.4444
v 0.9800 0.9407 -34.4444
v 1.1200 0.6807 -34.2555
v 0.9800 0.6807 -34.2555
v 1.1200 0.3593 -34.2555
v 0.9800 0.3593 -34.2555
v 1.1200 0.0993 -34.4444
v 0.9800 0.0993 -34.4444
v 1.1200 0.0000 -34.7500
v 0.9800 0.0000 -34.7500
v 1.1200 0.0993 -35.0556
v 0.9800 0.0993 -35.0556
v 1.1200 0.3593 -35.2445
v 0.9800 0.3593 -35.2445
v 1.1200 0.6807 -35.2445
v 0.9800 0.6807 -35.2445
v 1.1200 0.9407 -35.0556
v 0.9800 0.9407 -35.0556
v -0.9800 1.0400 -34.7500
v -1.1200 1.0400 -34.7500
v -0.9800 0.9407 -34.4444
v -1.1200 0.9407 -34.4444
v -0.9800 0.6807 -34.2555
v -1.1200 0.6807 -34.2555
v -0.9800 0.3593 -34.2555
v -1.1200 0.3593 -34.2555
v -0.9800 0.0993 -34.4444
v -1.1200 0.0993 -34.4444
v -0.9800 0.0000 -34.7500
v -1.1200 0.0000 -34.7500
v -0.9800 0.0993 -35.0556
v -1.1200 0.0993 -35.0556
v -0.9800 0.3593 -35.2445
v -1.1200 0.3593 -35.2445
v -0.9800 0.6807 -35.2445
v -1.1200 0.6807 -35.2445
v -0.9800 0.9407 -35.0556
v -1.1200 0.9407 -35.0556
v 0.5250 0.6300 -34.7500
v -0.5250 0.6300 -34.7500
v 0.5250 0.5750 -34.6547
v -0.5250 0.5750 -34.6547
v 0.5250 0.4650 -34.6547
v -0.5250 0.4650 -34.6547
v 0.5250 0.4100 -34.7500
v -0.5250 0.4100 -34.7500
v 0.5250 0.4650 -34.8453
v -0.5250 0.4650 -34.8453
v 0.5250 0.5750 -34.8453
v -0.5250 0.5750 -34.8453
v 1.1200 1.0400 -32.8500
v 0.9800 1.0400 -32.8500
v 1.1200 0.9407 -32.5443
v 0.9800 0.9407 -32.5443
v 1.1200 0.6807 -32.3554
v 0.9800 0.6807 -32.3554
v 1.1200 0.3593 -32.3554
v 0.9800 0.3593 -32.3554
v 1.1200 0.0993 -32.5443
v 0.9800 0.0993 -32.5443
v 1.1200 0.0000 -32.8500
v 0.9800 0.0000 -32.8500
v 1.1200 0.0993 -33.1556
v 0.9800 0.0993 -33.1556
v 1.1200 0.3593 -33.3445
v 0.9800 0.3593 -33.3445
v 1.1200 0.6807 -33.3445
v 0.9800 0.6807 -33.3445
v 1.1200 0.9407 -33.1556
v 0.9800 0.9407 -33.1556
v -0.9800 1.0400 -32.8500
v -1.1200 1.0400 -32.8500
v -0.9800 0.9407 -32.5443
v -1.1200 0.9407 -32.5443
v -0.9800 0.6807 -32.3554
v -1.1200 0.6807 -32.3554
v -0.9800 0.3593 -32.3554
v -1.1200 0.3593 -32.3554
v -0.9800 0.0993 -32.5443
v -1.1200 0.0993 -32.5443
v -0.9800 0.0000 -32.8500
v -1.1200 0.0000 -32.8500
v -0.9800 0.0993 -33.1556
v -1.1200 0.0993 -33.1556
v -0.9800 0.3593 -33.3445
v -1.1200 0.3593 -33.3445
v -0.9800 0.6807 -33.3445
v -1.1200 0.6807 -33.3445
v -0.9800 0.9407 -33.1556
v -1.1200 0.9407 -33.1556
v 0.5250 0.6300 -32.8500
v -0.5250 0.6300 -32.8500
v 0.5250 0.5750 -32.7547
v -0.5250 0.5750 -32.7547
v 0.5250 0.4650 -32.7547
v -0.5250 0.4650 -32.7547
v 0.5250 0.4100 -32.8500
v -0.5250 0.4100 -32.8500
v 0.5250 0.4650 -32.9453
v -0.5250 0.4650 -32.9453
v 0.5250 0.5750 -32.9453
v -0.5250 0.5750 -32.9453
v 0.8190 0.8300 -36.0000
v 0.8190 1.2500 -36.0000
v -0.8190 0.8300 -31.6000
v -0.8190 1.2500 -31.6000
v 0.8190 0.8300 -31.6000
v 0.8190 1.2500 -31.6000
v 0.8020 0.5450 -36.1500
v 0.8020 1.0950 -36.1500
v 0.9620 0.5450 -36.1500
v 0.9620 1.0950 -36.1500
v 0.8020 0.5450 -31.4500
v 0.8020 1.0950 -31.4500
v 0.9620 0.5450 -31.4500
v 0.9620 1.0950 -31.4500
v -0.9620 0.5450 -36.1500
v -0.9620 1.0950 -36.1500
v -0.8020 0.5450 -36.1500
v -0.8020 1.0950 -36.1500
v -0.9620 0.5450 -31.4500
v -0.9620 1.0950 -31.4500
v -0.8020 0.5450 -31.4500
v -0.8020 1.0950 -31.4500
v -1.5500 0.6950 -18.1800
v -1.5500 1.2450 -18.1800
v 1.5500 0.6950 -18.1800
v 1.5500 1.2450 -18.1800
v -1.5500 0.6950 -17.8200
v -1.5500 1.2450 -17.8200
v 1.5500 0.6950 -17.8200
v 1.5500 1.2450 -17.8200
v -0.8190 0.8300 -23.4000
v -0.8190 1.2500 -23.4000
v 0.2200 0.9200 -17.9750
v 0.2200 0.9200 -17.4250
v 0.1556 0.7644 -17.9750
v 0.1556 0.7644 -17.4250
v 0.0000 0.7000 -17.9750
v 0.0000 0.7000 -17.4250
v -0.1556 0.7644 -17.9750
v -0.1556 0.7644 -17.4250
v -0.2200 0.9200 -17.9750
v -0.2200 0.9200 -17.4250
v -0.1556 1.0756 -17.9750
v -0.1556 1.0756 -17.4250
v 0.0000 1.1400 -17.9750
v 0.0000 1.1400 -17.4250
v 0.1556 1.0756 -17.9750
v 0.1556 1.0756 -17.4250
v 1.1200 1.0400 -22.1500
v 0.9800 1.0400 -22.1500
v 1.1200 0.9407 -21.8444
v 0.9800 0.9407 -21.8444
v 1.1200 0.6807 -21.6555
v 0.9800 0.6807 -21.6555
v 1.1200 0.3593 -21.6555
v 0.9800 0.3593 -21.6555
v 1.1200 0.0993 -21.8444
v 0.9800 0.0993 -21.8444
v 1.1200 0.0000 -22.1500
v 0.9800 0.0000 -22.1500
v 1.1200 0.0993 -22.4556
v 0.9800 0.0993 -22.4556
v 1.1200 0.3593 -22.6445
v 0.9800 0.3593 -22.6445
v 1.1200 0.6807 -22.6445
v 0.9800 0.6807 -22.6445
v 1.1200 0.9407 -22.4556
v 0.9800 0.9407 -22.4556
v -0.9800 1.0400 -22.1500
v -1.1200 1.0400 -22.1500
v -0.9800 0.9407 -21.8444
v -1.1200 0.9407 -21.8444
v -0.9800 0.6807 -21.6555
v -1.1200 0.6807 -21.6555
v -0.9800 0.3593 -21.6555
v -1.1200 0.3593 -21.6555
v -0.9800 0.0993 -21.8444
v -1.1200 0.0993 -21.8444
v -0.9800 0.0000 -22.1500
v -1.1200 0.0000 -22.1500
v -0.9800 0.0993 -22.4556
v -1.1200 0.0993 -22.4556
v -0.9800 0.3593 -22.6445
v -1.1200 0.3593 -22.6445
v -0.9800 0.6807 -22.6445
v -1.1200 0.6807 -22.6445
v -0.9800 0.9407 -22.4556
v -1.1200 0.9407 -22.4556
v 0.5250 0.6300 -22.1500
v -0.5250 0.6300 -22.1500
v 0.5250 0.5750 -22.0547
v -0.5250 0.5750 -22.0547
v 0.5250 0.4650 -22.0547
v -0.5250 0.4650 -22.0547
v 0.5250 0.4100 -22.1500
v -0.5250 0.4100 -22.1500
v 0.5250 0.4650 -22.2453
v -0.5250 0.4650 -22.2453
v 0.5250 0.5750 -22.2453
v -0.5250 0.5750 -22.2453
v 1.1200 1.0400 -20.2500
v 0.9800 1.0400 -20.2500
v 1.1200 0.9407 -19.9444
v 0.9800 0.9407 -19.9444
v 1.1200 0.6807 -19.7555
v 0.9800 0.6807 -19.7555
v 1.1200 0.3593 -19.7555
v 0.9800 0.3593 -19.7555
v 1.1200 0.0993 -19.9444
v 0.9800 0.0993 -19.9444
v 1.1200 0.0000 -20.2500
v 0.9800 0.0000 -20.2500
v 1.1200 0.0993 -20.5556
v 0.9800 0.0993 -20.5556
v 1.1200 0.3593 -20.7445
v 0.9800 0.3593 -20.7445
v 1.1200 0.6807 -20.7445
v 0.9800 0.6807 -20.7445
v 1.1200 0.9407 -20.5556
v 0.9800 0.9407 -20.5556
v -0.9800 1.0400 -20.2500
v -1.1200 1.0400 -20.2500
v -0.9800 0.9407 -19.9444
v -1.1200 0.9407 -19.9444
v -0.9800 0.6807 -19.7555
v -1.1200 0.6807 -19.7555
v -0.9800 0.3593 -19.7555
v -1.1200 0.3593 -19.7555
v -0.9800 0.0993 -19.9444
v -1.1200 0.0993 -19.9444
v -0.9800 0.0000 -20.2500
v -1.1200 0.0000 -20.2500
v -0.9800 0.0993 -20.5556
v -1.1200 0.0993 -20.5556
v -0.9800 0.3593 -20.7445
v -1.1200 0.3593 -20.7445
v -0.9800 0.6807 -20.7445
v -1.1200 0.6807 -20.7445
v -0.9800 0.9407 -20.5556
v -1.1200 0.9407 -20.5556
v 0.5250 0.6300 -20.2500
v -0.5250 0.6300 -20.2500
v 0.5250 0.5750 -20.1547
v -0.5250 0.5750 -20.1547
v 0.5250 0.4650 -20.1547
v -0.5250 0.4650 -20.1547
v 0.5250 0.4100 -20.2500
v -0.5250 0.4100 -20.2500
v 0.5250 0.4650 -20.3453
v -0.5250 0.4650 -20.3453
v 0.5250 0.5750 -20.3453
v -0.5250 0.5750 -20.3453
v 0.8190 0.8300 -23.4000
v 0.8190 1.2500 -23.4000
v -0.8190 0.8300 -19.0000
v -0.8190 1.2500 -19.0000
v 0.8190 0.8300 -19.0000
v 0.8190 1.2500 -19.0000
v 0.8020 0.5450 -23.5500
v 0.8020 1.0950 -23.5500
v 0.9620 0.5450 -23.5500
v 0.9620 1.0950 -23.5500
v 0.8020 0.5450 -18.8500
v 0.8020 1.0950 -18.8500
v 0.9620 0.5450 -18.8500
v 0.9620 1.0950 -18.8500
v -0.9620 0.5450 -23.5500
v -0.9620 1.0950 -23.5500
v -0.8020 0.5450 -23.5500
v -0.8020 1.0950 -23.5500
v -0.9620 0.5450 -18.8500
v -0.9620 1.0950 -18.8500
v -0.8020 0.5450 -18.8500
v -0.8020 1.0950 -18.8500
v -1.3000 1.2500 -33.3000
v -1.3000 1.9500 -33.3000
v 1.4500 3.0000 -34.6000
v 1.4500 3.0000 -20.4000
v 1.2557 2.2750 -34.6000
v 1.2557 2.2750 -20.4000
v 0.7250 1.7443 -34.6000
v 0.7250 1.7443 -20.4000
v 0.0000 1.5500 -34.6000
v 0.0000 1.5500 -20.4000
v -0.7250 1.7443 -34.6000
v -0.7250 1.7443 -20.4000
v -1.2557 2.2750 -34.6000
v -1.2557 2.2750 -20.4000
v -1.4500 3.0000 -34.6000
v -1.4500 3.0000 -20.4000
v -1.2557 3.7250 -34.6000
v -1.2557 3.7250 -20.4000
v -0.7250 4.2557 -34.6000
v -0.7250 4.2557 -20.4000
v 0.0000 4.4500 -34.6000
v 0.0000 4.4500 -20.4000
v 0.7250 4.2557 -34.6000
v 0.7250 4.2557 -20.4000
v 1.2557 3.7250 -34.6000
v 1.2557 3.7250 -20.4000
v 1.4500 3.0000 -35.7750
v 0.5800 3.0000 -34.6250
v 1.2557 2.2750 -35.7750
v 0.5023 2.7100 -34.6250
v 0.7250 1.7443 -35.7750
v 0.2900 2.4977 -34.6250
v 0.0000 1.5500 -35.7750
v 0.0000 2.4200 -34.6250
v -0.7250 1.7443 -35.7750
v -0.2900 2.4977 -34.6250
v -1.2557 2.2750 -35.7750
v -0.5023 2.7100 -34.6250
v -1.4500 3.0000 -35.7750
v -0.5800 3.0000 -34.6250
v -1.2557 3.7250 -35.7750
v -0.5023 3.2900 -34.6250
v -0.7250 4.2557 -35.7750
v -0.2900 3.5023 -34.6250
v 0.0000 4.4500 -35.7750
v 0.0000 3.5800 -34.6250
v 0.7250 4.2557 -35.7750
v 0.2900 3.5023 -34.6250
v 1.2557 3.7250 -35.7750
v 0.5023 3.2900 -34.6250
v 1.3000 1.2500 -33.3000
v 1.3000 1.9500 -33.3000
v -1.3000 1.2500 -32.1000
v -1.3000 1.9500 -32.1000
v 1.3000 1.2500 -32.1000
v 1.3000 1.9500 -32.1000
v 1.0900 1.4000 -35.9750
v 1.0900 3.3000 -35.9750
v 1.2100 1.4000 -35.9750
v 1.2100 3.3000 -35.9750
v 1.0900 1.4000 -35.4250
v 1.0900 3.3000 -35.4250
v 1.2100 1.4000 -35.4250
v 1.2100 3.3000 -35.4250
v -1.3000 1.9500 -22.9000
v -1.3000 1.2500 -22.9000
v 1.4500 3.0000 -20.3750
v 0.5800 3.0000 -19.2250
v 1.2557 2.2750 -20.3750
v 0.5023 2.7100 -19.2250
v 0.7250 1.7443 -20.3750
v 0.2900 2.4977 -19.2250
v 0.0000 1.5500 -20.3750
v 0.0000 2.4200 -19.2250
v -0.7250 1.7443 -20.3750
v -0.2900 2.4977 -19.2250
v -1.2557 2.2750 -20.3750
v -0.5023 2.7100 -19.2250
v -1.4500 3.0000 -20.3750
v -0.5800 3.0000 -19.2250
v -1.2557 3.7250 -20.3750
v -0.5023 3.2900 -19.2250
v -0.7250 4.2557 -20.3750
v -0.2900 3.5023 -19.2250
v 0.0000 4.4500 -20.3750
v 0.0000 3.5800 -19.2250
v 0.7250 4.2557 -20.3750
v 0.2900 3.5023 -19.2250
v 1.2557 3.7250 -20.3750
v 0.5023 3.2900 -19.2250
v 1.3000 1.2500 -22.9000
v 1.3000 1.9500 -22.9000
v -1.3000 1.2500 -21.7000
v -1.3000 1.9500 -21.7000
v 1.3000 1.2500 -21.7000
v 1.3000 1.9500 -21.7000
v 1.0900 1.4000 -19.5750
v 1.0900 3.3000 -19.5750
v 1.2100 1.4000 -19.5750
v 1.2100 3.3000 -19.5750
v 1.0900 1.4000 -19.0250
v 1.0900 3.3000 -19.0250
v 1.2100 1.4000 -19.0250
v 1.2100 3.3000 -19.0250
v -0.3000 4.0800 -34.7000
v -0.3000 4.4200 -34.7000
v 0.3000 4.0800 -34.7000
v 0.3000 4.4200 -34.7000
v -0.3000 4.0800 -20.3000
v -0.3000 4.4200 -20.3000
v 0.3000 4.0800 -20.3000
v 0.3000 4.4200 -20.3000
v -0.9500 4.9400 -28.4500
v -0.9500 5.0800 -28.4500
v 0.5500 4.4250 -27.5000
v 0.5500 4.9750 -27.5000
v 0.4450 4.4250 -27.1767
v 0.4450 4.9750 -27.1767
v 0.1700 4.4250 -26.9769
v 0.1700 4.9750 -26.9769
v -0.1700 4.4250 -26.9769
v -0.1700 4.9750 -26.9769
v -0.4450 4.4250 -27.1767
v -0.4450 4.9750 -27.1767
v -0.5500 4.4250 -27.5000
v -0.5500 4.9750 -27.5000
v -0.4450 4.4250 -27.8233
v -0.4450 4.9750 -27.8233
v -0.1700 4.4250 -28.0231
v -0.1700 4.9750 -28.0231
v 0.1700 4.4250 -28.0231
v 0.1700 4.9750 -28.0231
v 0.4450 4.4250 -27.8233
v 0.4450 4.9750 -27.8233
v 0.9500 4.9400 -28.4500
v 0.9500 5.0800 -28.4500
v -0.9500 4.9400 -26.5500
v -0.9500 5.0800 -26.5500
v 0.9500 4.9400 -26.5500
v 0.9500 5.0800 -26.5500
v 0.9000 4.7200 -33.5000
v 0.9000 4.8200 -33.5000
v 1.0000 4.7200 -33.5000
v 1.0000 4.8200 -33.5000
v 0.9000 4.7200 -21.5000
v 0.9000 4.8200 -21.5000
v 1.0000 4.7200 -21.5000
v 1.0000 4.8200 -21.5000
v -1.0000 4.7200 -33.5000
v -1.0000 4.8200 -33.5000
v -0.9000 4.7200 -33.5000
v -0.9000 4.8200 -33.5000
v -1.0000 4.7200 -21.5000
v -1.0000 4.8200 -21.5000
v -0.9000 4.7200 -21.5000
v -0.9000 4.8200 -21.5000
v -1.5500 0.9100 -57.0000
v -1.5500 1.2500 -57.0000
v 1.5500 0.9100 -57.0000
v 1.5500 1.2500 -57.0000
v -1.5500 0.9100 -38.0000
v -1.5500 1.2500 -38.0000
v 1.5500 0.9100 -38.0000
v 1.5500 1.2500 -38.0000
v -1.5500 0.6950 -57.1800
v -1.5500 1.2450 -57.1800
v 1.5500 0.6950 -57.1800
v 1.5500 1.2450 -57.1800
v -1.5500 0.6950 -56.8200
v -1.5500 1.2450 -56.8200
v 1.5500 0.6950 -56.8200
v 1.5500 1.2450 -56.8200
v -0.8190 0.8300 -56.0000
v -0.8190 1.2500 -56.0000
v 0.2200 0.9200 -57.5750
v 0.2200 0.9200 -57.0250
v 0.1556 0.7644 -57.5750
v 0.1556 0.7644 -57.0250
v 0.0000 0.7000 -57.5750
v 0.0000 0.7000 -57.0250
v -0.1556 0.7644 -57.5750
v -0.1556 0.7644 -57.0250
v -0.2200 0.9200 -57.5750
v -0.2200 0.9200 -57.0250
v -0.1556 1.0756 -57.5750
v -0.1556 1.0756 -57.0250
v 0.0000 1.1400 -57.5750
v 0.0000 1.1400 -57.0250
v 0.1556 1.0756 -57.5750
v 0.1556 1.0756 -57.0250
v 1.1200 1.0400 -54.7500
v 0.9800 1.0400 -54.7500
v 1.1200 0.9407 -54.4444
v 0.9800 0.9407 -54.4444
v 1.1200 0.6807 -54.2555
v 0.9800 0.6807 -54.2555
v 1.1200 0.3593 -54.2555
v 0.9800 0.3593 -54.2555
v 1.1200 0.0993 -54.4444
v 0.9800 0.0993 -54.4444
v 1.1200 0.0000 -54.7500
v 0.9800 0.0000 -54.7500
v 1.1200 0.0993 -55.0556
v 0.9800 0.0993 -55.0556
v 1.1200 0.3593 -55.2445
v 0.9800 0.3593 -55.2445
v 1.1200 0.6807 -55.2445
v 0.9800 0.6807 -55.2445
v 1.1200 0.9407 -55.0556
v 0.9800 0.9407 -55.0556
v -0.9800 1.0400 -54.7500
v -1.1200 1.0400 -54.7500
v -0.9800 0.9407 -54.4444
v -1.1200 0.9407 -54.4444
v -0.9800 0.6807 -54.2555
v -1.1200 0.6807 -54.2555
v -0.9800 0.3593 -54.2555
v -1.1200 0.3593 -54.2555
v -0.9800 0.0993 -54.4444
v -1.1200 0.0993 -54.4444
v -0.9800 0.0000 -54.7500
v -1.1200 0.0000 -54.7500
v -0.9800 0.0993 -55.0556
v -1.1200 0.0993 -55.0556
v -0.9800 0.3593 -55.2445
v -1.1200 0.3593 -55.2445
v -0.9800 0.6807 -55.2445
v -1.1200 0.6807 -55.2445
v -0.9800 0.9407 -55.0556
v -1.1200 0.9407 -55.0556
v 0.5250 0.6300 -54.7500
v -0.5250 0.6300 -54.7500
v 0.5250 0.5750 -54.6547
v -0.5250 0.5750 -54.6547
v 0.5250 0.4650 -54.6547
v -0.5250 0.4650 -54.6547
v 0.5250 0.4100 -54.7500
v -0.5250 0.4100 -54.7500
v 0.5250 0.4650 -54.8453
v -0.5250 0.4650 -54.8453
v 0.5250 0.5750 -54.8453
v -0.5250 0.5750 -54.8453
v 1.1200 1.0400 -52.8500
v 0.9800 1.0400 -52.8500
v 1.1200 0.9407 -52.5443
v 0.9800 0.9407 -52.5443
v 1.1200 0.6807 -52.3554
v 0.9800 0.6807 -52.3554
v 1.1200 0.3593 -52.3554
v 0.9800 0.3593 -52.3554
v 1.1200 0.0993 -52.5443
v 0.9800 0.0993 -52.5443
v 1.1200 0.0000 -52.8500
v 0.9800 0.0000 -52.8500
v 1.1200 0.0993 -53.1556
v 0.9800 0.0993 -53.1556
v 1.1200 0.3593 -53.3445
v 0.9800 0.3593 -53.3445
v 1.1200 0.6807 -53.3445
v 0.9800 0.6807 -53.3445
v 1.1200 0.9407 -53.1556
v 0.9800 0.9407 -53.1556
v -0.9800 1.0400 -52.8500
v -1.1200 1.0400 -52.8500
v -0.9800 0.9407 -52.5443
v -1.1200 0.9407 -52.5443
v -0.9800 0.6807 -52.3554
v -1.1200 0.6807 -52.3554
v -0.9800 0.3593 -52.3554
v -1.1200 0.3593 -52.3554
v -0.9800 0.0993 -52.5443
v -1.1200 0.0993 -52.5443
v -0.9800 0.0000 -52.8500
v -1.1200 0.0000 -52.8500
v -0.9800 0.0993 -53.1556
v -1.1200 0.0993 -53.1556
v -0.9800 0.3593 -53.3445
v -1.1200 0.3593 -53.3445
v -0.9800 0.6807 -53.3445
v -1.1200 0.6807 -53.3445
v -0.9800 0.9407 -53.1556
v -1.1200 0.9407 -53.1556
v 0.5250 0.6300 -52.8500
v -0.5250 0.6300 -52.8500
v 0.5250 0.5750 -52.7547
v -0.5250 0.5750 -52.7547
v 0.5250 0.4650 -52.7547
v -0.5250 0.4650 -52.7547
v 0.5250 0.4100 -52.8500
v -0.5250 0.4100 -52.8500
v 0.5250 0.4650 -52.9453
v -0.5250 0.4650 -52.9453
v 0.5250 0.5750 -52.9453
v -0.5250 0.5750 -52.9453
v 0.8190 0.8300 -56.0000
v 0.8190 1.2500 -56.0000
v -0.8190 0.8300 -51.6000
v -0.8190 1.2500 -51.6000
v 0.8190 0.8300 -51.6000
v 0.8190 1.2500 -51.6000
v 0.8020 0.5450 -56.1500
v 0.8020 1.0950 -56.1500
v 0.9620 0.5450 -56.1500
v 0.9620 1.0950 -56.1500
v 0.8020 0.5450 -51.4500
v 0.8020 1.0950 -51.4500
v 0.9620 0.5450 -51.4500
v 0.9620 1.0950 -51.4500
v -0.9620 0.5450 -56.1500
v -0.9620 1.0950 -56.1500
v -0.8020 0.5450 -56.1500
v -0.8020 1.0950 -56.1500
v -0.9620 0.5450 -51.4500
v -0.9620 1.0950 -51.4500
v -0.8020 0.5450 -51.4500
v -0.8020 1.0950 -51.4500
v -1.5500 0.6950 -38.1800
v -1.5500 1.2450 -38.1800
v 1.5500 0.6950 -38.1800
v 1.5500 1.2450 -38.1800
v -1.5500 0.6950 -37.8200
v -1.5500 1.2450 -37.8200
v 1.5500 0.6950 -37.8200
v 1.5500 1.2450 -37.8200
v -0.8190 0.8300 -43.4000
v -0.8190 1.2500 -43.4000
v 0.2200 0.9200 -37.9750
v 0.2200 0.9200 -37.4250
v 0.1556 0.7644 -37.9750
v 0.1556 0.7644 -37.4250
v 0.0000 0.7000 -37.9750
v 0.0000 0.7000 -37.4250
v -0.1556 0.7644 -37.9750
v -0.1556 0.7644 -37.4250
v -0.2200 0.9200 -37.9750
v -0.2200 0.9200 -37.4250
v -0.1556 1.0756 -37.9750
v -0.1556 1.0756 -37.4250
v 0.0000 1.1400 -37.9750
v 0.0000 1.1400 -37.4250
v 0.1556 1.0756 -37.9750
v 0.1556 1.0756 -37.4250
v 1.1200 1.0400 -42.1500
v 0.9800 1.0400 -42.1500
v 1.1200 0.9407 -41.8444
v 0.9800 0.9407 -41.8444
v 1.1200 0.6807 -41.6555
v 0.9800 0.6807 -41.6555
v 1.1200 0.3593 -41.6555
v 0.9800 0.3593 -41.6555
v 1.1200 0.0993 -41.8444
v 0.9800 0.0993 -41.8444
v 1.1200 0.0000 -42.1500
v 0.9800 0.0000 -42.1500
v 1.1200 0.0993 -42.4557
v 0.9800 0.0993 -42.4557
v 1.1200 0.3593 -42.6446
v 0.9800 0.3593 -42.6446
v 1.1200 0.6807 -42.6446
v 0.9800 0.6807 -42.6446
v 1.1200 0.9407 -42.4557
v 0.9800 0.9407 -42.4557
v -0.9800 1.0400 -42.1500
v -1.1200 1.0400 -42.1500
v -0.9800 0.9407 -41.8444
v -1.1200 0.9407 -41.8444
v -0.9800 0.6807 -41.6555
v -1.1200 0.6807 -41.6555
v -0.9800 0.3593 -41.6555
v -1.1200 0.3593 -41.6555
v -0.9800 0.0993 -41.8444
v -1.1200 0.0993 -41.8444
v -0.9800 0.0000 -42.1500
v -1.1200 0.0000 -42.1500
v -0.9800 0.0993 -42.4557
v -1.1200 0.0993 -42.4557
v -0.9800 0.3593 -42.6446
v -1.1200 0.3593 -42.6446
v -0.9800 0.6807 -42.6446
v -1.1200 0.6807 -42.6446
v -0.9800 0.9407 -42.4557
v -1.1200 0.9407 -42.4557
v 0.5250 0.6300 -42.1500
v -0.5250 0.6300 -42.1500
v 0.5250 0.5750 -42.0547
v -0.5250 0.5750 -42.0547
v 0.5250 0.4650 -42.0547
v -0.5250 0.4650 -42.0547
v 0.5250 0.4100 -42.1500
v -0.5250 0.4100 -42.1500
v 0.5250 0.4650 -42.2453
v -0.5250 0.4650 -42.2453
v 0.5250 0.5750 -42.2453
v -0.5250 0.5750 -42.2453
v 1.1200 1.0400 -40.2500
v 0.9800 1.0400 -40.2500
v 1.1200 0.9407 -39.9444
v 0.9800 0.9407 -39.9444
v 1.1200 0.6807 -39.7555
v 0.9800 0.6807 -39.7555
v 1.1200 0.3593 -39.7555
v 0.9800 0.3593 -39.7555
v 1.1200 0.0993 -39.9444
v 0.9800 0.0993 -39.9444
v 1.1200 0.0000 -40.2500
v 0.9800 0.0000 -40.2500
v 1.1200 0.0993 -40.5556
v 0.9800 0.0993 -40.5556
v 1.1200 0.3593 -40.7445
v 0.9800 0.3593 -40.7445
v 1.1200 0.6807 -40.7445
v 0.9800 0.6807 -40.7445
v 1.1200 0.9407 -40.5556
v 0.9800 0.9407 -40.5556
v -0.9800 1.0400 -40.2500
v -1.1200 1.0400 -40.2500
v -0.9800 0.9407 -39.9444
v -1.1200 0.9407 -39.9444
v -0.9800 0.6807 -39.7555
v -1.1200 0.6807 -39.7555
v -0.9800 0.3593 -39.7555
v -1.1200 0.3593 -39.7555
v -0.9800 0.0993 -39.9444
v -1.1200 0.0993 -39.9444
v -0.9800 0.0000 -40.2500
v -1.1200 0.0000 -40.2500
v -0.9800 0.0993 -40.5556
v -1.1200 0.0993 -40.5556
v -0.9800 0.3593 -40.7445
v -1.1200 0.3593 -40.7445
v -0.9800 0.6807 -40.7445
v -1.1200 0.6807 -40.7445
v -0.9800 0.9407 -40.5556
v -1.1200 0.9407 -40.5556
v 0.5250 0.6300 -40.2500
v -0.5250 0.6300 -40.2500
v 0.5250 0.5750 -40.1547
v -0.5250 0.5750 -40.1547
v 0.5250 0.4650 -40.1547
v -0.5250 0.4650 -40.1547
v 0.5250 0.4100 -40.2500
v -0.5250 0.4100 -40.2500
v 0.5250 0.4650 -40.3453
v -0.5250 0.4650 -40.3453
v 0.5250 0.5750 -40.3453
v -0.5250 0.5750 -40.3453
v 0.8190 0.8300 -43.4000
v 0.8190 1.2500 -43.4000
v -0.8190 0.8300 -39.0000
v -0.8190 1.2500 -39.0000
v 0.8190 0.8300 -39.0000
v 0.8190 1.2500 -39.0000
v 0.8020 0.5450 -43.5500
v 0.8020 1.0950 -43.5500
v 0.9620 0.5450 -43.5500
v 0.9620 1.0950 -43.5500
v 0.8020 0.5450 -38.8500
v 0.8020 1.0950 -38.8500
v 0.9620 0.5450 -38.8500
v 0.9620 1.0950 -38.8500
v -0.9620 0.5450 -43.5500
v -0.9620 1.0950 -43.5500
v -0.8020 0.5450 -43.5500
v -0.8020 1.0950 -43.5500
v -0.9620 0.5450 -38.8500
v -0.9620 1.0950 -38.8500
v -0.8020 0.5450 -38.8500
v -0.8020 1.0950 -38.8500
v -1.4250 1.2300 -56.2000
v -1.4250 1.3300 -56.2000
v 1.4250 1.2300 -56.2000
v 1.4250 1.3300 -56.2000
v -1.4250 1.2300 -38.8000
v -1.4250 1.3300 -38.8000
v 1.4250 1.2300 -38.8000
v 1.4250 1.3300 -38.8000
v 1.4700 1.2500 -57.0000
v 1.4700 1.5500 -57.0000
v 1.6300 1.2500 -57.0000
v 1.6300 1.5500 -57.0000
v 1.4700 1.2500 -38.0000
v 1.4700 1.5500 -38.0000
v 1.6300 1.2500 -38.0000
v 1.6300 1.5500 -38.0000
v 1.4200 1.3500 -55.5100
v 1.4200 1.8100 -55.5100
v 1.6800 1.3500 -55.5100
v 1.6800 1.8100 -55.5100
v 1.4200 1.3500 -55.2900
v 1.4200 1.8100 -55.2900
v 1.6800 1.3500 -55.2900
v 1.6800 1.8100 -55.2900
v 1.4200 1.3500 -52.3500
v 1.4200 1.8100 -52.3500
v 1.6800 1.3500 -52.3500
v 1.6800 1.8100 -52.3500
v 1.4200 1.3500 -52.1300
v 1.4200 1.8100 -52.1300
v 1.6800 1.3500 -52.1300
v 1.6800 1.8100 -52.1300
v 1.4200 1.3500 -49.1900
v 1.4200 1.8100 -49.1900
v 1.6800 1.3500 -49.1900
v 1.6800 1.8100 -49.1900
v 1.4200 1.3500 -48.9700
v 1.4200 1.8100 -48.9700
v 1.6800 1.3500 -48.9700
v 1.6800 1.8100 -48.9700
v 1.4200 1.3500 -46.0300
v 1.4200 1.8100 -46.0300
v 1.6800 1.3500 -46.0300
v 1.6800 1.8100 -46.0300
v 1.4200 1.3500 -45.8100
v 1.4200 1.8100 -45.8100
v 1.6800 1.3500 -45.8100
v 1.6800 1.8100 -45.8100
v 1.4200 1.3500 -42.8700
v 1.4200 1.8100 -42.8700
v 1.6800 1.3500 -42.8700
v 1.6800 1.8100 -42.8700
v 1.4200 1.3500 -42.6500
v 1.4200 1.8100 -42.6500
v 1.6800 1.3500 -42.6500
v 1.6800 1.8100 -42.6500
v 1.4200 1.3500 -39.7100
v 1.4200 1.8100 -39.7100
v 1.6800 1.3500 -39.7100
v 1.6800 1.8100 -39.7100
v 1.4200 1.3500 -39.4900
v 1.4200 1.8100 -39.4900
v 1.6800 1.3500 -39.4900
v 1.6800 1.8100 -39.4900
v -1.6300 1.2500 -57.0000
v -1.6300 1.5500 -57.0000
v -1.4700 1.2500 -57.0000
v -1.4700 1.5500 -57.0000
v -1.6300 1.2500 -38.0000
v -1.6300 1.5500 -38.0000
v -1.4700 1.2500 -38.0000
v -1.4700 1.5500 -38.0000
v -1.6800 1.3500 -55.5100
v -1.6800 1.8100 -55.5100
v -1.4200 1.3500 -55.5100
v -1.4200 1.8100 -55.5100
v -1.6800 1.3500 -55.2900
v -1.6800 1.8100 -55.2900
v -1.4200 1.3500 -55.2900
v -1.4200 1.8100 -55.2900
v -1.6800 1.3500 -52.3500
v -1.6800 1.8100 -52.3500
v -1.4200 1.3500 -52.3500
v -1.4200 1.8100 -52.3500
v -1.6800 1.3500 -52.1300
v -1.6800 1.8100 -52.1300
v -1.4200 1.3500 -52.1300
v -1.4200 1.8100 -52.1300
v -1.6800 1.3500 -49.1900
v -1.6800 1.8100 -49.1900
v -1.4200 1.3500 -49.1900
v -1.4200 1.8100 -49.1900
v -1.6800 1.3500 -48.9700
v -1.6800 1.8100 -48.9700
v -1.4200 1.3500 -48.9700
v -1.4200 1.8100 -48.9700
v -1.6800 1.3500 -46.0300
v -1.6800 1.8100 -46.0300
v -1.4200 1.3500 -46.0300
v -1.4200 1.8100 -46.0300
v -1.6800 1.3500 -45.8100
v -1.6800 1.8100 -45.8100
v -1.4200 1.3500 -45.8100
v -1.4200 1.8100 -45.8100
v -1.6800 1.3500 -42.8700
v -1.6800 1.8100 -42.8700
v -1.4200 1.3500 -42.8700
v -1.4200 1.8100 -42.8700
v -1.6800 1.3500 -42.6500
v -1.6800 1.8100 -42.6500
v -1.4200 1.3500 -42.6500
v -1.4200 1.8100 -42.6500
v -1.6800 1.3500 -39.7100
v -1.6800 1.8100 -39.7100
v -1.4200 1.3500 -39.7100
v -1.4200 1.8100 -39.7100
v -1.6800 1.3500 -39.4900
v -1.6800 1.8100 -39.4900
v -1.4200 1.3500 -39.4900
v -1.4200 1.8100 -39.4900
v -1.2200 1.3300 -55.5300
v -1.2200 3.9200 -55.5300
v 1.2200 1.3300 -55.5300
v 1.2200 3.9200 -55.5300
v -1.2200 1.3300 -49.4700
v -1.2200 3.9200 -49.4700
v 1.2200 1.3300 -49.4700
v 1.2200 3.9200 -49.4700
v -1.2550 1.5631 -55.0952
v -1.2550 3.6869 -55.0952
v 1.2550 1.5631 -55.0952
v 1.2550 3.6869 -55.0952
v -1.2550 1.5631 -54.9952
v -1.2550 3.6869 -54.9952
v 1.2550 1.5631 -54.9952
v 1.2550 3.6869 -54.9952
v -1.2550 1.5631 -54.3680
v -1.2550 3.6869 -54.3680
v 1.2550 1.5631 -54.3680
v 1.2550 3.6869 -54.3680
v -1.2550 1.5631 -54.2680
v -1.2550 3.6869 -54.2680
v 1.2550 1.5631 -54.2680
v 1.2550 3.6869 -54.2680
v -1.2550 1.5631 -53.6408
v -1.2550 3.6869 -53.6408
v 1.2550 1.5631 -53.6408
v 1.2550 3.6869 -53.6408
v -1.2550 1.5631 -53.5408
v -1.2550 3.6869 -53.5408
v 1.2550 1.5631 -53.5408
v 1.2550 3.6869 -53.5408
v -1.2550 1.5631 -52.9136
v -1.2550 3.6869 -52.9136
v 1.2550 1.5631 -52.9136
v 1.2550 3.6869 -52.9136
v -1.2550 1.5631 -52.8136
v -1.2550 3.6869 -52.8136
v 1.2550 1.5631 -52.8136
v 1.2550 3.6869 -52.8136
v -1.2550 1.5631 -52.1864
v -1.2550 3.6869 -52.1864
v 1.2550 1.5631 -52.1864
v 1.2550 3.6869 -52.1864
v -1.2550 1.5631 -52.0864
v -1.2550 3.6869 -52.0864
v 1.2550 1.5631 -52.0864
v 1.2550 3.6869 -52.0864
v -1.2550 1.5631 -51.4592
v -1.2550 3.6869 -51.4592
v 1.2550 1.5631 -51.4592
v 1.2550 3.6869 -51.4592
v -1.2550 1.5631 -51.3592
v -1.2550 3.6869 -51.3592
v 1.2550 1.5631 -51.3592
v 1.2550 3.6869 -51.3592
v -1.2550 1.5631 -50.7320
v -1.2550 3.6869 -50.7320
v 1.2550 1.5631 -50.7320
v 1.2550 3.6869 -50.7320
v -1.2550 1.5631 -50.6320
v -1.2550 3.6869 -50.6320
v 1.2550 1.5631 -50.6320
v 1.2550 3.6869 -50.6320
v -1.2550 1.5631 -50.0048
v -1.2550 3.6869 -50.0048
v 1.2550 1.5631 -50.0048
v 1.2550 3.6869 -50.0048
v -1.2550 1.5631 -49.9048
v -1.2550 3.6869 -49.9048
v 1.2550 1.5631 -49.9048
v 1.2550 3.6869 -49.9048
v -1.2650 1.3300 -55.5600
v -1.2650 1.4900 -55.5600
v 1.2650 1.3300 -55.5600
v 1.2650 1.4900 -55.5600
v -1.2650 1.3300 -49.4400
v -1.2650 1.4900 -49.4400
v 1.2650 1.3300 -49.4400
v 1.2650 1.4900 -49.4400
v -1.2650 3.7600 -55.5600
v -1.2650 3.9200 -55.5600
v 1.2650 3.7600 -55.5600
v 1.2650 3.9200 -55.5600
v -1.2650 3.7600 -49.4400
v -1.2650 3.9200 -49.4400
v 1.2650 3.7600 -49.4400
v 1.2650 3.9200 -49.4400
v -1.2400 1.3300 -55.5500
v -1.2400 3.9200 -55.5500
v -1.0000 1.3300 -55.5500
v -1.0000 3.9200 -55.5500
v -1.2400 1.3300 -55.3100
v -1.2400 3.9200 -55.3100
v -1.0000 1.3300 -55.3100
v -1.0000 3.9200 -55.3100
v 1.0000 1.3300 -55.5500
v 1.0000 3.9200 -55.5500
v 1.2400 1.3300 -55.5500
v 1.2400 3.9200 -55.5500
v 1.0000 1.3300 -55.3100
v 1.0000 3.9200 -55.3100
v 1.2400 1.3300 -55.3100
v 1.2400 3.9200 -55.3100
v -1.2400 1.3300 -49.6900
v -1.2400 3.9200 -49.6900
v -1.0000 1.3300 -49.6900
v -1.0000 3.9200 -49.6900
v -1.2400 1.3300 -49.4500
v -1.2400 3.9200 -49.4500
v -1.0000 1.3300 -49.4500
v -1.0000 3.9200 -49.4500
v 1.0000 1.3300 -49.6900
v 1.0000 3.9200 -49.6900
v 1.2400 1.3300 -49.6900
v 1.2400 3.9200 -49.6900
v 1.0000 1.3300 -49.4500
v 1.0000 3.9200 -49.4500
v 1.2400 1.3300 -49.4500
v 1.2400 3.9200 -49.4500
v -1.2200 1.3300 -48.9300
v -1.2200 3.9200 -48.9300
v 1.2200 1.3300 -48.9300
v 1.2200 3.9200 -48.9300
v -1.2200 1.3300 -42.8700
v -1.2200 3.9200 -42.8700
v 1.2200 1.3300 -42.8700
v 1.2200 3.9200 -42.8700
v -1.2550 1.5631 -48.4952
v -1.2550 3.6869 -48.4952
v 1.2550 1.5631 -48.4952
v 1.2550 3.6869 -48.4952
v -1.2550 1.5631 -48.3952
v -1.2550 3.6869 -48.3952
v 1.2550 1.5631 -48.3952
v 1.2550 3.6869 -48.3952
v -1.2550 1.5631 -47.7680
v -1.2550 3.6869 -47.7680
v 1.2550 1.5631 -47.7680
v 1.2550 3.6869 -47.7680
v -1.2550 1.5631 -47.6680
v -1.2550 3.6869 -47.6680
v 1.2550 1.5631 -47.6680
v 1.2550 3.6869 -47.6680
v -1.2550 1.5631 -47.0408
v -1.2550 3.6869 -47.0408
v 1.2550 1.5631 -47.0408
v 1.2550 3.6869 -47.0408
v -1.2550 1.5631 -46.9408
v -1.2550 3.6869 -46.9408
v 1.2550 1.5631 -46.9408
v 1.2550 3.6869 -46.9408
v -1.2550 1.5631 -46.3136
v -1.2550 3.6869 -46.3136
v 1.2550 1.5631 -46.3136
v 1.2550 3.6869 -46.3136
v -1.2550 1.5631 -46.2136
v -1.2550 3.6869 -46.2136
v 1.2550 1.5631 -46.2136
v 1.2550 3.6869 -46.2136
v -1.2550 1.5631 -45.5864
v -1.2550 3.6869 -45.5864
v 1.2550 1.5631 -45.5864
v 1.2550 3.6869 -45.5864
v -1.2550 1.5631 -45.4864
v -1.2550 3.6869 -45.4864
v 1.2550 1.5631 -45.4864
v 1.2550 3.6869 -45.4864
v -1.2550 1.5631 -44.8592
v -1.2550 3.6869 -44.8592
v 1.2550 1.5631 -44.8592
v 1.2550 3.6869 -44.8592
v -1.2550 1.5631 -44.7592
v -1.2550 3.6869 -44.7592
v 1.2550 1.5631 -44.7592
v 1.2550 3.6869 -44.7592
v -1.2550 1.5631 -44.1320
v -1.2550 3.6869 -44.1320
v 1.2550 1.5631 -44.1320
v 1.2550 3.6869 -44.1320
v -1.2550 1.5631 -44.0320
v -1.2550 3.6869 -44.0320
v 1.2550 1.5631 -44.0320
v 1.2550 3.6869 -44.0320
v -1.2550 1.5631 -43.4048
v -1.2550 3.6869 -43.4048
v 1.2550 1.5631 -43.4048
v 1.2550 3.6869 -43.4048
v -1.2550 1.5631 -43.3048
v -1.2550 3.6869 -43.3048
v 1.2550 1.5631 -43.3048
v 1.2550 3.6869 -43.3048
v -1.2650 1.3300 -48.9600
v -1.2650 1.4900 -48.9600
v 1.2650 1.3300 -48.9600
v 1.2650 1.4900 -48.9600
v -1.2650 1.3300 -42.8400
v -1.2650 1.4900 -42.8400
v 1.2650 1.3300 -42.8400
v 1.2650 1.4900 -42.8400
v -1.2650 3.7600 -48.9600
v -1.2650 3.9200 -48.9600
v 1.2650 3.7600 -48.9600
v 1.2650 3.9200 -48.9600
v -1.2650 3.7600 -42.8400
v -1.2650 3.9200 -42.8400
v 1.2650 3.7600 -42.8400
v 1.2650 3.9200 -42.8400
v -1.2400 1.3300 -48.9500
v -1.2400 3.9200 -48.9500
v -1.0000 1.3300 -48.9500
v -1.0000 3.9200 -48.9500
v -1.2400 1.3300 -48.7100
v -1.2400 3.9200 -48.7100
v -1.0000 1.3300 -48.7100
v -1.0000 3.9200 -48.7100
v 1.0000 1.3300 -48.9500
v 1.0000 3.9200 -48.9500
v 1.2400 1.3300 -48.9500
v 1.2400 3.9200 -48.9500
v 1.0000 1.3300 -48.7100
v 1.0000 3.9200 -48.7100
v 1.2400 1.3300 -48.7100
v 1.2400 3.9200 -48.7100
v -1.2400 1.3300 -43.0900
v -1.2400 3.9200 -43.0900
v -1.0000 1.3300 -43.0900
v -1.0000 3.9200 -43.0900
v -1.2400 1.3300 -42.8500
v -1.2400 3.9200 -42.8500
v -1.0000 1.3300 -42.8500
v -1.0000 3.9200 -42.8500
v 1.0000 1.3300 -43.0900
v 1.0000 3.9200 -43.0900
v 1.2400 1.3300 -43.0900
v 1.2400 3.9200 -43.0900
v 1.0000 1.3300 -42.8500
v 1.0000 3.9200 -42.8500
v 1.2400 1.3300 -42.8500
v 1.2400 3.9200 -42.8500
v -1.2000 1.3300 -42.0500
v -1.2000 2.4300 -42.0500
v 1.2000 1.3300 -42.0500
v 1.2000 2.4300 -42.0500
v -1.2000 1.3300 -39.7500
v -1.2000 2.4300 -39.7500
v 1.2000 1.3300 -39.7500
v 1.2000 2.4300 -39.7500
v -1.2000 1.3300 -39.5500
v -1.2000 2.4300 -39.5500
v 1.2000 1.3300 -39.5500
v 1.2000 2.4300 -39.5500
v -1.2000 1.3300 -37.2500
v -1.2000 2.4300 -37.2500
v 1.2000 1.3300 -37.2500
v 1.2000 2.4300 -37.2500
v -1.3500 2.4000 -42.3500
v -1.3500 2.7000 -42.3500
v 1.3500 2.4000 -42.3500
v 1.3500 2.7000 -42.3500
v -1.3500 2.4000 -36.9500
v -1.3500 2.7000 -36.9500
v 1.3500 2.4000 -36.9500
v 1.3500 2.7000 -36.9500
v -1.4250 2.2900 -42.4500
v -1.4250 2.4100 -42.4500
v 1.4250 2.2900 -42.4500
v 1.4250 2.4100 -42.4500
v -1.4250 2.2900 -36.8500
v -1.4250 2.4100 -36.8500
v 1.4250 2.2900 -36.8500
v 1.4250 2.4100 -36.8500
usemtl Mat0
f 2 3 1
f 4 7 3
f 8 5 7
f 6 1 5
f 7 1 3
f 4 6 8
f 84 85 83
f 108 109 107
f 102 103 101
f 86 87 85
f 106 107 105
f 88 89 87
f 90 91 89
f 100 101 99
f 92 93 91
f 104 105 103
f 94 95 93
f 84 96 92
f 96 97 95
f 98 83 97
f 93 95 97
f 110 111 109
f 99 101 109
f 112 113 111
f 114 99 113
f 108 104 100
f 313 316 315
f 308 309 307
f 352 353 351
f 364 374 372
f 345 348 347
f 376 377 375
f 312 313 311
f 416 426 424
f 329 332 331
f 310 311 309
f 325 328 327
f 370 371 369
f 332 333 331
f 324 325 323
f 315 318 317
f 328 329 327
f 348 349 347
f 317 320 319
f 308 320 316
f 354 355 353
f 320 321 319
f 424 425 423
f 380 381 379
f 322 307 321
f 311 313 321
f 400 401 399
f 365 367 369
f 334 335 333
f 349 352 351
f 344 345 343
f 336 337 335
f 366 367 365
f 368 369 367
f 338 339 337
f 330 326 338
f 374 363 373
f 340 341 339
f 404 405 403
f 372 373 371
f 342 323 341
f 339 323 327
f 363 366 365
f 356 357 355
f 406 407 405
f 456 457 455
f 358 359 357
f 358 354 350
f 397 400 399
f 360 361 359
f 377 380 379
f 432 433 431
f 362 343 361
f 359 343 347
f 382 383 381
f 428 429 427
f 476 477 475
f 384 385 383
f 417 419 421
f 452 453 451
f 386 387 385
f 396 397 395
f 402 403 401
f 388 389 387
f 420 421 419
f 418 419 417
f 390 391 389
f 426 415 425
f 379 383 391
f 392 393 391
f 468 478 476
f 422 423 421
f 394 375 393
f 386 384 376
f 416 417 415
f 408 409 407
f 458 459 457
f 491 485 487
f 410 411 409
f 410 406 402
f 449 452 451
f 412 413 411
f 429 432 431
f 492 489 491
f 414 395 413
f 411 395 399
f 433 436 435
f 484 481 483
f 482 305 481
f 436 437 435
f 469 471 473
f 306 479 305
f 438 439 437
f 448 449 447
f 453 456 455
f 440 441 439
f 472 473 471
f 470 471 469
f 442 443 441
f 478 467 477
f 431 435 443
f 444 445 443
f 488 491 487
f 474 475 473
f 446 427 445
f 434 430 442
f 468 469 467
f 460 461 459
f 480 483 479
f 483 305 479
f 462 463 461
f 462 458 454
f 490 485 489
f 464 465 463
f 480 482 484
f 486 487 485
f 466 447 465
f 463 447 451
f 488 490 492
f 494 495 493
f 496 499 495
f 500 497 499
f 498 493 497
f 499 493 495
f 496 498 500
f 569 559 561
f 572 573 571
f 504 505 503
f 528 529 527
f 522 523 521
f 506 507 505
f 526 527 525
f 602 603 601
f 508 509 507
f 548 549 547
f 562 563 561
f 509 512 511
f 542 543 541
f 520 521 519
f 512 513 511
f 524 525 523
f 550 551 549
f 513 516 515
f 504 516 512
f 544 545 543
f 516 517 515
f 594 595 593
f 574 575 573
f 518 503 517
f 515 517 509
f 596 597 595
f 576 577 575
f 530 531 529
f 540 541 539
f 546 547 545
f 532 533 531
f 570 559 569
f 568 569 567
f 534 535 533
f 564 565 563
f 533 537 521
f 536 537 535
f 618 619 617
f 560 561 559
f 538 519 537
f 524 520 536
f 566 567 565
f 552 553 551
f 600 601 599
f 622 620 618
f 554 555 553
f 674 672 668
f 553 557 541
f 556 557 555
f 628 629 627
f 564 562 560
f 558 539 557
f 544 540 556
f 578 579 577
f 672 673 671
f 624 625 623
f 580 581 579
f 648 649 647
f 613 615 617
f 582 583 581
f 598 599 597
f 592 593 591
f 584 585 583
f 614 615 613
f 616 617 615
f 586 587 585
f 578 574 586
f 622 611 621
f 588 589 587
f 652 653 651
f 620 621 619
f 590 571 589
f 577 581 585
f 612 613 611
f 604 605 603
f 654 655 653
f 687 681 683
f 606 607 605
f 596 592 604
f 646 647 645
f 608 609 607
f 626 627 625
f 688 685 687
f 610 591 609
f 605 609 597
f 629 632 631
f 680 677 679
f 678 501 677
f 632 633 631
f 665 667 669
f 502 675 501
f 634 635 633
f 644 645 643
f 649 652 651
f 636 637 635
f 668 669 667
f 666 667 665
f 638 639 637
f 674 663 673
f 627 631 639
f 640 641 639
f 684 687 683
f 670 671 669
f 642 623 641
f 634 632 624
f 663 666 665
f 656 657 655
f 676 679 675
f 679 501 675
f 658 659 657
f 658 654 650
f 686 681 685
f 660 661 659
f 676 678 680
f 682 683 681
f 662 643 661
f 659 643 647
f 684 686 688
f 690 691 689
f 692 695 691
f 696 693 695
f 694 689 693
f 695 689 691
f 692 694 696
f 777 781 773
f 784 785 783
f 716 717 715
f 740 741 739
f 734 735 733
f 718 719 717
f 738 739 737
f 814 815 813
f 720 721 719
f 760 761 759
f 774 775 773
f 722 723 721
f 754 755 753
f 731 734 733
f 723 726 725
f 735 738 737
f 762 763 761
f 725 728 727
f 724 722 720
f 755 758 757
f 728 729 727
f 806 807 805
f 786 787 785
f 730 715 729
f 729 717 721
f 807 810 809
f 787 790 789
f 742 743 741
f 752 753 751
f 758 759 757
f 744 745 743
f 782 771 781
f 780 781 779
f 746 747 745
f 776 777 775
f 745 749 733
f 748 749 747
f 830 831 829
f 772 773 771
f 750 731 749
f 736 732 748
f 778 779 777
f 764 765 763
f 812 813 811
f 834 832 830
f 766 767 765
f 844 847 843
f 765 769 753
f 768 769 767
f 848 845 847
f 780 776 772
f 770 751 769
f 756 752 768
f 790 791 789
f 838 713 837
f 840 837 839
f 792 793 791
f 714 835 713
f 825 827 829
f 794 795 793
f 810 811 809
f 804 805 803
f 796 797 795
f 826 827 825
f 828 829 827
f 798 799 797
f 790 786 798
f 834 823 833
f 800 801 799
f 847 841 843
f 832 833 831
f 802 783 801
f 789 793 797
f 824 825 823
f 816 817 815
f 836 839 835
f 839 713 835
f 818 819 817
f 804 816 812
f 846 841 845
f 820 821 819
f 836 838 840
f 842 843 841
f 822 803 821
f 817 821 809
f 844 846 848
f 850 851 849
f 852 855 851
f 856 853 855
f 854 849 853
f 855 849 851
f 852 854 856
f 933 923 925
f 936 937 935
f 868 869 867
f 892 893 891
f 886 887 885
f 870 871 869
f 890 891 889
f 966 967 965
f 871 874 873
f 912 913 911
f 926 927 925
f 874 875 873
f 906 907 905
f 884 885 883
f 876 877 875
f 887 890 889
f 914 915 913
f 877 880 879
f 876 874 872
f 907 910 909
f 880 881 879
f 958 959 957
f 938 939 937
f 882 867 881
f 881 869 873
f 959 962 961
f 939 942 941
f 894 895 893
f 904 905 903
f 910 911 909
f 896 897 895
f 934 923 933
f 932 933 931
f 898 899 897
f 928 929 927
f 889 893 901
f 900 901 899
f 982 983 981
f 924 925 923
f 902 883 901
f 888 884 900
f 930 931 929
f 916 917 915
f 964 965 963
f 986 984 982
f 918 919 917
f 996 999 995
f 909 913 921
f 920 921 919
f 1000 997 999
f 928 926 924
f 922 903 921
f 908 920 916
f 942 943 941
f 990 865 989
f 992 989 991
f 944 945 943
f 866 987 865
f 977 979 981
f 946 947 945
f 962 963 961
f 956 957 955
f 948 949 947
f 978 979 977
f 980 981 979
f 950 951 949
f 942 938 950
f 986 975 985
f 952 953 951
f 999 993 995
f 984 985 983
f 954 935 953
f 941 945 949
f 976 977 975
f 968 969 967
f 988 991 987
f 991 865 987
f 970 971 969
f 972 968 964
f 998 993 997
f 972 973 971
f 988 990 992
f 994 995 993
f 974 955 973
f 969 973 961
f 996 998 1000
f 1002 1003 1001
f 1004 1007 1003
f 1008 1005 1007
f 1006 1001 1005
f 1007 1001 1003
f 1004 1006 1008
f 1106 1107 1105
f 1108 1111 1107
f 1112 1109 1111
f 1110 1105 1109
f 1111 1105 1107
f 1108 1110 1112
f 1122 1123 1121
f 1124 1127 1123
f 1128 1125 1127
f 1126 1121 1125
f 1127 1121 1123
f 1124 1126 1128
f 1218 1219 1217
f 1220 1223 1219
f 1224 1221 1223
f 1222 1217 1221
f 1223 1217 1219
f 1220 1222 1224
f 1234 1235 1233
f 1236 1239 1235
f 1240 1237 1239
f 1238 1233 1237
f 1239 1233 1235
f 1236 1238 1240
f 1250 1251 1249
f 1252 1255 1251
f 1256 1253 1255
f 1254 1249 1253
f 1255 1249 1251
f 1252 1254 1256
f 1258 1259 1257
f 1260 1263 1259
f 1264 1261 1263
f 1262 1257 1261
f 1263 1257 1259
f 1260 1262 1264
f 1266 1267 1265
f 1268 1271 1267
f 1272 1269 1271
f 1270 1265 1269
f 1271 1265 1267
f 1268 1270 1272
f 1274 1275 1273
f 1276 1279 1275
f 1280 1277 1279
f 1278 1273 1277
f 1279 1273 1275
f 1276 1278 1280
f 1365 1355 1357
f 1368 1369 1367
f 1300 1301 1299
f 1324 1325 1323
f 1318 1319 1317
f 1302 1303 1301
f 1322 1323 1321
f 1398 1399 1397
f 1304 1305 1303
f 1344 1345 1343
f 1358 1359 1357
f 1306 1307 1305
f 1338 1339 1337
f 1316 1317 1315
f 1308 1309 1307
f 1319 1322 1321
f 1346 1347 1345
f 1309 1312 1311
f 1308 1306 1304
f 1339 1342 1341
f 1312 1313 1311
f 1390 1391 1389
f 1370 1371 1369
f 1314 1299 1313
f 1313 1301 1305
f 1391 1394 1393
f 1371 1374 1373
f 1326 1327 1325
f 1336 1337 1335
f 1342 1343 1341
f 1328 1329 1327
f 1366 1355 1365
f 1364 1365 1363
f 1330 1331 1329
f 1360 1361 1359
f 1315 1317 1325
f 1332 1333 1331
f 1414 1415 1413
f 1355 1358 1357
f 1334 1315 1333
f 1316 1332 1328
f 1362 1363 1361
f 1348 1349 1347
f 1396 1397 1395
f 1418 1416 1414
f 1350 1351 1349
f 1428 1431 1427
f 1335 1337 1345
f 1352 1353 1351
f 1432 1429 1431
f 1360 1358 1356
f 1354 1335 1353
f 1336 1352 1348
f 1374 1375 1373
f 1422 1297 1421
f 1424 1421 1423
f 1376 1377 1375
f 1298 1419 1297
f 1409 1411 1413
f 1378 1379 1377
f 1394 1395 1393
f 1388 1389 1387
f 1380 1381 1379
f 1410 1411 1409
f 1412 1413 1411
f 1382 1383 1381
f 1370 1382 1378
f 1418 1407 1417
f 1384 1385 1383
f 1431 1425 1427
f 1416 1417 1415
f 1386 1367 1385
f 1377 1381 1385
f 1408 1409 1407
f 1400 1401 1399
f 1420 1423 1419
f 1423 1297 1419
f 1402 1403 1401
f 1396 1392 1388
f 1430 1425 1429
f 1404 1405 1403
f 1420 1422 1424
f 1426 1427 1425
f 1406 1387 1405
f 1405 1393 1397
f 1428 1430 1432
f 1434 1435 1433
f 1436 1439 1435
f 1440 1437 1439
f 1438 1433 1437
f 1439 1433 1435
f 1436 1438 1440
f 1513 1517 1509
f 1519 1522 1521
f 1452 1453 1451
f 1476 1477 1475
f 1470 1471 1469
f 1454 1455 1453
f 1474 1475 1473
f 1550 1551 1549
f 1455 1458 1457
f 1496 1497 1495
f 1510 1511 1509
f 1458 1459 1457
f 1490 1491 1489
f 1467 1470 1469
f 1460 1461 1459
f 1471 1474 1473
f 1498 1499 1497
f 1462 1463 1461
f 1460 1458 1456
f 1491 1494 1493
f 1464 1465 1463
f 1542 1543 1541
f 1522 1523 1521
f 1466 1451 1465
f 1465 1453 1457
f 1543 1546 1545
f 1523 1526 1525
f 1478 1479 1477
f 1488 1489 1487
f 1494 1495 1493
f 1480 1481 1479
f 1518 1507 1517
f 1516 1517 1515
f 1482 1483 1481
f 1512 1513 1511
f 1473 1477 1485
f 1484 1485 1483
f 1566 1567 1565
f 1508 1509 1507
f 1486 1467 1485
f 1472 1468 1484
f 1514 1515 1513
f 1500 1501 1499
f 1547 1550 1549
f 1562 1570 1566
f 1502 1503 1501
f 1580 1583 1579
f 1493 1497 1505
f 1504 1505 1503
f 1584 1581 1583
f 1516 1512 1508
f 1506 1487 1505
f 1492 1488 1504
f 1526 1527 1525
f 1574 1449 1573
f 1576 1573 1575
f 1528 1529 1527
f 1450 1571 1449
f 1569 1561 1565
f 1530 1531 1529
f 1546 1547 1545
f 1540 1541 1539
f 1532 1533 1531
f 1562 1563 1561
f 1564 1565 1563
f 1534 1535 1533
f 1522 1534 1530
f 1570 1559 1569
f 1536 1537 1535
f 1583 1577 1579
f 1568 1569 1567
f 1538 1519 1537
f 1525 1529 1533
f 1560 1561 1559
f 1552 1553 1551
f 1572 1575 1571
f 1575 1449 1571
f 1554 1555 1553
f 1548 1544 1540
f 1582 1577 1581
f 1556 1557 1555
f 1572 1574 1576
f 1578 1579 1577
f 1558 1539 1557
f 1553 1557 1545
f 1580 1582 1584
f 1586 1587 1585
f 1588 1591 1587
f 1592 1589 1591
f 1590 1585 1589
f 1591 1585 1587
f 1588 1590 1592
f 1610 1611 1609
f 1612 1615 1611
f 1616 1613 1615
f 1614 1609 1613
f 1615 1609 1611
f 1612 1614 1616
f 1658 1659 1657
f 1660 1663 1659
f 1664 1661 1663
f 1662 1657 1661
f 1663 1657 1659
f 1660 1662 1664
f 1779 1781 1785
f 1792 1793 1791
f 1724 1725 1723
f 1748 1749 1747
f 1742 1743 1741
f 1726 1727 1725
f 1746 1747 1745
f 1822 1823 1821
f 1728 1729 1727
f 1768 1769 1767
f 1782 1783 1781
f 1730 1731 1729
f 1762 1763 1761
f 1740 1741 1739
f 1732 1733 1731
f 1743 1746 1745
f 1770 1771 1769
f 1733 1736 1735
f 1732 1730 1728
f 1763 1766 1765
f 1736 1737 1735
f 1814 1815 1813
f 1794 1795 1793
f 1738 1723 1737
f 1737 1725 1729
f 1815 1818 1817
f 1795 1798 1797
f 1750 1751 1749
f 1760 1761 1759
f 1766 1767 1765
f 1752 1753 1751
f 1790 1779 1789
f 1788 1789 1787
f 1754 1755 1753
f 1784 1785 1783
f 1745 1749 1757
f 1756 1757 1755
f 1838 1839 1837
f 1780 1781 1779
f 1758 1739 1757
f 1744 1740 1756
f 1786 1787 1785
f 1772 1773 1771
f 1820 1821 1819
f 1842 1840 1838
f 1774 1775 1773
f 1852 1855 1851
f 1765 1769 1777
f 1776 1777 1775
f 1856 1853 1855
f 1784 1782 1780
f 1778 1759 1777
f 1764 1760 1776
f 1798 1799 1797
f 1846 1721 1845
f 1848 1845 1847
f 1800 1801 1799
f 1722 1843 1721
f 1833 1835 1837
f 1802 1803 1801
f 1818 1819 1817
f 1812 1813 1811
f 1804 1805 1803
f 1834 1835 1833
f 1836 1837 1835
f 1806 1807 1805
f 1798 1794 1806
f 1842 1831 1841
f 1808 1809 1807
f 1855 1849 1851
f 1840 1841 1839
f 1810 1791 1809
f 1797 1801 1805
f 1832 1833 1831
f 1824 1825 1823
f 1844 1847 1843
f 1847 1721 1843
f 1826 1827 1825
f 1828 1824 1820
f 1854 1849 1853
f 1828 1829 1827
f 1844 1846 1848
f 1850 1851 1849
f 1830 1811 1829
f 1825 1829 1817
f 1852 1854 1856
f 1858 1859 1857
f 1860 1863 1859
f 1864 1861 1863
f 1862 1857 1861
f 1863 1857 1859
f 1860 1862 1864
f 1941 1931 1933
f 1944 1945 1943
f 1876 1877 1875
f 1900 1901 1899
f 1894 1895 1893
f 1878 1879 1877
f 1898 1899 1897
f 1974 1975 1973
f 1879 1882 1881
f 1920 1921 1919
f 1934 1935 1933
f 1882 1883 1881
f 1914 1915 1913
f 1892 1893 1891
f 1884 1885 1883
f 1895 1898 1897
f 1922 1923 1921
f 1885 1888 1887
f 1884 1882 1880
f 1915 1918 1917
f 1888 1889 1887
f 1966 1967 1965
f 1946 1947 1945
f 1890 1875 1889
f 1889 1877 1881
f 1967 1970 1969
f 1947 1950 1949
f 1902 1903 1901
f 1912 1913 1911
f 1918 1919 1917
f 1904 1905 1903
f 1942 1931 1941
f 1940 1941 1939
f 1906 1907 1905
f 1936 1937 1935
f 1897 1901 1909
f 1908 1909 1907
f 1990 1991 1989
f 1931 1934 1933
f 1910 1891 1909
f 1896 1892 1908
f 1938 1939 1937
f 1924 1925 1923
f 1972 1973 1971
f 1994 1992 1990
f 1926 1927 1925
f 2004 2007 2003
f 1917 1921 1929
f 1928 1929 1927
f 2008 2005 2007
f 1936 1934 1932
f 1930 1911 1929
f 1916 1912 1928
f 1950 1951 1949
f 1998 1873 1997
f 2000 1997 1999
f 1952 1953 1951
f 1874 1995 1873
f 1985 1987 1989
f 1954 1955 1953
f 1970 1971 1969
f 1964 1965 1963
f 1956 1957 1955
f 1986 1987 1985
f 1988 1989 1987
f 1958 1959 1957
f 1950 1946 1958
f 1994 1983 1993
f 1960 1961 1959
f 2007 2001 2003
f 1992 1993 1991
f 1962 1943 1961
f 1949 1953 1957
f 1984 1985 1983
f 1976 1977 1975
f 1996 1999 1995
f 1999 1873 1995
f 1978 1979 1977
f 1968 1964 1976
f 2006 2001 2005
f 1980 1981 1979
f 1996 1998 2000
f 2002 2003 2001
f 1982 1963 1981
f 1977 1981 1969
f 2004 2006 2008
f 2010 2011 2009
f 2012 2015 2011
f 2016 2013 2015
f 2014 2009 2013
f 2015 2009 2011
f 2012 2014 2016
f 2124 2126 2128
f 2127 2121 2123
f 2126 2121 2125
f 2128 2125 2127
f 2124 2127 2123
f 2122 2123 2121
f 2132 2133 2131
f 2134 2135 2133
f 2136 2137 2135
f 2138 2139 2137
f 2140 2141 2139
f 2142 2143 2141
f 2144 2145 2143
f 2146 2147 2145
f 2137 2141 2145
f 2148 2149 2147
f 2150 2131 2149
f 2136 2132 2148
f 2247 2249 2253
f 2260 2261 2259
f 2192 2193 2191
f 2216 2217 2215
f 2210 2211 2209
f 2194 2195 2193
f 2214 2215 2213
f 2290 2291 2289
f 2195 2198 2197
f 2236 2237 2235
f 2250 2251 2249
f 2198 2199 2197
f 2230 2231 2229
f 2208 2209 2207
f 2200 2201 2199
f 2211 2214 2213
f 2238 2239 2237
f 2202 2203 2201
f 2200 2198 2196
f 2231 2234 2233
f 2204 2205 2203
f 2282 2283 2281
f 2262 2263 2261
f 2206 2191 2205
f 2205 2193 2197
f 2283 2286 2285
f 2263 2266 2265
f 2218 2219 2217
f 2228 2229 2227
f 2234 2235 2233
f 2220 2221 2219
f 2258 2247 2257
f 2256 2257 2255
f 2222 2223 2221
f 2252 2253 2251
f 2213 2217 2225
f 2224 2225 2223
f 2306 2307 2305
f 2248 2249 2247
f 2226 2207 2225
f 2212 2208 2224
f 2254 2255 2253
f 2240 2241 2239
f 2288 2289 2287
f 2310 2308 2306
f 2242 2243 2241
f 2320 2323 2319
f 2233 2237 2245
f 2244 2245 2243
f 2324 2321 2323
f 2252 2250 2248
f 2246 2227 2245
f 2232 2228 2244
f 2266 2267 2265
f 2314 2189 2313
f 2316 2313 2315
f 2268 2269 2267
f 2190 2311 2189
f 2301 2303 2305
f 2270 2271 2269
f 2286 2287 2285
f 2280 2281 2279
f 2272 2273 2271
f 2302 2303 2301
f 2304 2305 2303
f 2274 2275 2273
f 2266 2262 2274
f 2310 2299 2309
f 2276 2277 2275
f 2323 2317 2319
f 2308 2309 2307
f 2278 2259 2277
f 2265 2269 2273
f 2300 2301 2299
f 2292 2293 2291
f 2312 2315 2311
f 2315 2189 2311
f 2294 2295 2293
f 2296 2292 2288
f 2322 2317 2321
f 2296 2297 2295
f 2312 2314 2316
f 2318 2319 2317
f 2298 2279 2297
f 2293 2297 2285
f 2320 2322 2324
f 2326 2327 2325
f 2328 2331 2327
f 2332 2329 2331
f 2330 2325 2329
f 2331 2325 2327
f 2328 2330 2332
f 2399 2401 2405
f 2412 2413 2411
f 2344 2345 2343
f 2368 2369 2367
f 2362 2363 2361
f 2346 2347 2345
f 2366 2367 2365
f 2442 2443 2441
f 2347 2350 2349
f 2388 2389 2387
f 2402 2403 2401
f 2350 2351 2349
f 2382 2383 2381
f 2360 2361 2359
f 2352 2353 2351
f 2363 2366 2365
f 2390 2391 2389
f 2353 2356 2355
f 2352 2350 2348
f 2383 2386 2385
f 2356 2357 2355
f 2434 2435 2433
f 2414 2415 2413
f 2358 2343 2357
f 2357 2345 2349
f 2435 2438 2437
f 2415 2418 2417
f 2370 2371 2369
f 2380 2381 2379
f 2386 2387 2385
f 2372 2373 2371
f 2410 2399 2409
f 2408 2409 2407
f 2374 2375 2373
f 2404 2405 2403
f 2365 2369 2377
f 2376 2377 2375
f 2458 2459 2457
f 2400 2401 2399
f 2378 2359 2377
f 2364 2360 2376
f 2406 2407 2405
f 2392 2393 2391
f 2440 2441 2439
f 2462 2460 2458
f 2394 2395 2393
f 2472 2475 2471
f 2385 2389 2397
f 2396 2397 2395
f 2476 2473 2475
f 2404 2402 2400
f 2398 2379 2397
f 2384 2380 2396
f 2418 2419 2417
f 2466 2341 2465
f 2468 2465 2467
f 2420 2421 2419
f 2342 2463 2341
f 2453 2455 2457
f 2422 2423 2421
f 2438 2439 2437
f 2432 2433 2431
f 2424 2425 2423
f 2454 2455 2453
f 2456 2457 2455
f 2426 2427 2425
f 2418 2414 2426
f 2462 2451 2461
f 2428 2429 2427
f 2475 2469 2471
f 2460 2461 2459
f 2430 2411 2429
f 2417 2421 2425
f 2452 2453 2451
f 2444 2445 2443
f 2464 2467 2463
f 2467 2341 2463
f 2446 2447 2445
f 2436 2432 2444
f 2474 2469 2473
f 2448 2449 2447
f 2464 2466 2468
f 2470 2471 2469
f 2450 2431 2449
f 2445 2449 2437
f 2472 2474 2476
f 2478 2479 2477
f 2480 2483 2479
f 2484 2481 2483
f 2482 2477 2481
f 2483 2477 2479
f 2480 2482 2484
f 2502 2503 2501
f 2504 2507 2503
f 2508 2505 2507
f 2506 2501 2505
f 2507 2501 2503
f 2504 2506 2508
f 2510 2511 2509
f 2512 2515 2511
f 2516 2513 2515
f 2514 2509 2513
f 2515 2509 2511
f 2512 2514 2516
f 2518 2519 2517
f 2520 2523 2519
f 2524 2521 2523
f 2522 2517 2521
f 2523 2517 2519
f 2520 2522 2524
f 2526 2527 2525
f 2528 2531 2527
f 2532 2529 2531
f 2530 2525 2529
f 2531 2525 2527
f 2528 2530 2532
f 2534 2535 2533
f 2536 2539 2535
f 2540 2537 2539
f 2538 2533 2537
f 2539 2533 2535
f 2536 2538 2540
f 2542 2543 2541
f 2544 2547 2543
f 2548 2545 2547
f 2546 2541 2545
f 2547 2541 2543
f 2544 2546 2548
f 2558 2559 2557
f 2560 2563 2559
f 2564 2561 2563
f 2562 2557 2561
f 2563 2557 2559
f 2560 2562 2564
f 2566 2567 2565
f 2568 2571 2567
f 2572 2569 2571
f 2570 2565 2569
f 2571 2565 2567
f 2568 2570 2572
f 2574 2575 2573
f 2576 2579 2575
f 2580 2577 2579
f 2578 2573 2577
f 2579 2573 2575
f 2576 2578 2580
f 2582 2583 2581
f 2584 2587 2583
f 2588 2585 2587
f 2586 2581 2585
f 2587 2581 2583
f 2584 2586 2588
f 2590 2591 2589
f 2592 2595 2591
f 2596 2593 2595
f 2594 2589 2593
f 2595 2589 2591
f 2592 2594 2596
f 2598 2599 2597
f 2600 2603 2599
f 2604 2601 2603
f 2602 2597 2601
f 2603 2597 2599
f 2600 2602 2604
f 2678 2679 2677
f 2680 2683 2679
f 2684 2681 2683
f 2682 2677 2681
f 2683 2677 2679
f 2680 2682 2684
f 2686 2687 2685
f 2688 2691 2687
f 2692 2689 2691
f 2690 2685 2689
f 2691 2685 2687
f 2688 2690 2692
f 2694 2695 2693
f 2696 2699 2695
f 2700 2697 2699
f 2698 2693 2697
f 2699 2693 2695
f 2696 2698 2700
f 2702 2703 2701
f 2704 2707 2703
f 2708 2705 2707
f 2706 2701 2705
f 2707 2701 2703
f 2704 2706 2708
f 2710 2711 2709
f 2712 2715 2711
f 2716 2713 2715
f 2714 2709 2713
f 2715 2709 2711
f 2712 2714 2716
f 2718 2719 2717
f 2720 2723 2719
f 2724 2721 2723
f 2722 2717 2721
f 2723 2717 2719
f 2720 2722 2724
f 2798 2799 2797
f 2800 2803 2799
f 2804 2801 2803
f 2802 2797 2801
f 2803 2797 2799
f 2800 2802 2804
f 2806 2807 2805
f 2808 2811 2807
f 2812 2809 2811
f 2810 2805 2809
f 2811 2805 2807
f 2808 2810 2812
f 2814 2815 2813
f 2816 2819 2815
f 2820 2817 2819
f 2818 2813 2817
f 2819 2813 2815
f 2816 2818 2820
f 2822 2823 2821
f 2824 2827 2823
f 2828 2825 2827
f 2826 2821 2825
f 2827 2821 2823
f 2824 2826 2828
f 2830 2831 2829
f 2832 2835 2831
f 2836 2833 2835
f 2834 2829 2833
f 2835 2829 2831
f 2832 2834 2836
f 2838 2839 2837
f 2840 2843 2839
f 2844 2841 2843
f 2842 2837 2841
f 2843 2837 2839
f 2840 2842 2844
f 88 86 84
f 84 98 96
f 96 94 92
f 92 90 88
f 88 84 92
f 97 83 89
f 83 85 89
f 85 87 89
f 89 91 97
f 91 93 97
f 101 103 105
f 105 107 101
f 107 109 101
f 109 111 113
f 113 99 109
f 112 110 108
f 108 106 104
f 104 102 100
f 100 114 112
f 112 108 100
f 372 370 364
f 370 368 364
f 368 366 364
f 424 422 416
f 422 420 416
f 420 418 416
f 312 310 308
f 308 322 320
f 320 318 316
f 316 314 312
f 312 308 316
f 313 315 317
f 317 319 313
f 319 321 313
f 321 307 309
f 309 311 321
f 369 371 373
f 373 363 369
f 363 365 369
f 334 332 330
f 330 328 326
f 326 324 338
f 324 342 338
f 342 340 338
f 338 336 334
f 334 330 338
f 327 329 335
f 329 331 335
f 331 333 335
f 335 337 339
f 339 341 323
f 323 325 327
f 335 339 327
f 350 348 346
f 346 344 350
f 344 362 350
f 362 360 358
f 358 356 354
f 354 352 350
f 362 358 350
f 351 353 355
f 355 357 351
f 357 359 351
f 359 361 343
f 343 345 347
f 347 349 359
f 349 351 359
f 421 423 425
f 425 415 421
f 415 417 421
f 375 377 379
f 379 381 383
f 383 385 391
f 385 387 391
f 387 389 391
f 391 393 375
f 375 379 391
f 476 474 468
f 474 472 468
f 472 470 468
f 384 382 376
f 382 380 376
f 380 378 376
f 376 394 392
f 392 390 376
f 390 388 376
f 388 386 376
f 410 408 406
f 406 404 402
f 402 400 398
f 398 396 402
f 396 414 402
f 414 412 402
f 412 410 402
f 403 405 407
f 407 409 403
f 409 411 403
f 411 413 395
f 395 397 399
f 399 401 411
f 401 403 411
f 473 475 477
f 477 467 473
f 467 469 473
f 427 429 431
f 431 433 435
f 435 437 443
f 437 439 443
f 439 441 443
f 443 445 427
f 427 431 443
f 438 436 434
f 434 432 430
f 430 428 442
f 428 446 442
f 446 444 442
f 442 440 438
f 438 434 442
f 462 460 458
f 458 456 454
f 454 452 450
f 450 448 454
f 448 466 454
f 466 464 454
f 464 462 454
f 451 453 459
f 453 455 459
f 455 457 459
f 459 461 463
f 463 465 447
f 447 449 451
f 459 463 451
f 561 563 569
f 563 565 569
f 565 567 569
f 508 506 504
f 504 518 516
f 516 514 512
f 512 510 508
f 508 504 512
f 517 503 505
f 505 507 517
f 507 509 517
f 509 511 513
f 513 515 509
f 521 523 529
f 523 525 529
f 525 527 529
f 529 531 533
f 533 535 537
f 537 519 521
f 529 533 521
f 532 530 528
f 528 526 532
f 526 524 532
f 524 522 520
f 520 538 536
f 536 534 524
f 534 532 524
f 618 616 622
f 616 614 622
f 614 612 622
f 672 670 668
f 668 666 664
f 664 674 668
f 541 543 549
f 543 545 549
f 545 547 549
f 549 551 553
f 553 555 557
f 557 539 541
f 549 553 541
f 560 570 564
f 570 568 564
f 568 566 564
f 552 550 548
f 548 546 552
f 546 544 552
f 544 542 540
f 540 558 556
f 556 554 544
f 554 552 544
f 617 619 613
f 619 621 613
f 621 611 613
f 582 580 578
f 578 576 574
f 574 572 586
f 572 590 586
f 590 588 586
f 586 584 582
f 582 578 586
f 589 571 573
f 573 575 589
f 575 577 589
f 577 579 581
f 581 583 585
f 585 587 577
f 587 589 577
f 600 598 596
f 596 594 592
f 592 610 608
f 608 606 592
f 606 604 592
f 604 602 600
f 600 596 604
f 601 603 605
f 605 607 609
f 609 591 597
f 591 593 597
f 593 595 597
f 597 599 601
f 601 605 597
f 669 671 665
f 671 673 665
f 673 663 665
f 623 625 627
f 627 629 631
f 631 633 639
f 633 635 639
f 635 637 639
f 639 641 623
f 623 627 639
f 632 630 624
f 630 628 624
f 628 626 624
f 624 642 640
f 640 638 624
f 638 636 624
f 636 634 624
f 658 656 654
f 654 652 650
f 650 648 646
f 646 644 650
f 644 662 650
f 662 660 650
f 660 658 650
f 651 653 655
f 655 657 651
f 657 659 651
f 659 661 643
f 643 645 647
f 647 649 659
f 649 651 659
f 773 775 777
f 777 779 781
f 781 771 773
f 720 718 716
f 716 730 720
f 730 728 720
f 728 726 720
f 726 724 720
f 729 715 717
f 717 719 721
f 721 723 725
f 725 727 721
f 727 729 721
f 733 735 741
f 735 737 741
f 737 739 741
f 741 743 745
f 745 747 749
f 749 731 733
f 741 745 733
f 744 742 740
f 740 738 736
f 736 734 732
f 732 750 748
f 748 746 744
f 744 740 748
f 740 736 748
f 830 828 826
f 826 824 830
f 824 834 830
f 753 755 761
f 755 757 761
f 757 759 761
f 761 763 765
f 765 767 769
f 769 751 753
f 761 765 753
f 772 782 780
f 780 778 776
f 776 774 772
f 764 762 760
f 760 758 764
f 758 756 764
f 756 754 752
f 752 770 768
f 768 766 756
f 766 764 756
f 829 831 833
f 833 823 829
f 823 825 829
f 794 792 790
f 790 788 786
f 786 784 802
f 802 800 786
f 800 798 786
f 798 796 794
f 794 790 798
f 801 783 785
f 785 787 789
f 789 791 793
f 793 795 797
f 797 799 801
f 801 785 797
f 785 789 797
f 812 810 804
f 810 808 804
f 808 806 804
f 804 822 820
f 820 818 804
f 818 816 804
f 816 814 812
f 813 815 817
f 817 819 821
f 821 803 805
f 805 807 821
f 807 809 821
f 809 811 813
f 813 817 809
f 925 927 933
f 927 929 933
f 929 931 933
f 872 870 868
f 868 882 872
f 882 880 872
f 880 878 872
f 878 876 872
f 881 867 869
f 869 871 873
f 873 875 877
f 877 879 873
f 879 881 873
f 885 887 889
f 889 891 893
f 893 895 897
f 897 899 893
f 899 901 893
f 901 883 885
f 885 889 901
f 896 894 892
f 892 890 896
f 890 888 896
f 888 886 884
f 884 902 900
f 900 898 888
f 898 896 888
f 982 980 986
f 980 978 986
f 978 976 986
f 905 907 909
f 909 911 913
f 913 915 917
f 917 919 913
f 919 921 913
f 921 903 905
f 905 909 921
f 924 934 928
f 934 932 928
f 932 930 928
f 916 914 912
f 912 910 916
f 910 908 916
f 908 906 904
f 904 922 920
f 920 918 916
f 908 904 920
f 981 983 977
f 983 985 977
f 985 975 977
f 946 944 942
f 942 940 938
f 938 936 954
f 954 952 938
f 952 950 938
f 950 948 946
f 946 942 950
f 953 935 937
f 937 939 953
f 939 941 953
f 941 943 945
f 945 947 949
f 949 951 941
f 951 953 941
f 964 962 956
f 962 960 956
f 960 958 956
f 956 974 972
f 972 970 968
f 968 966 964
f 956 972 964
f 965 967 969
f 969 971 973
f 973 955 957
f 957 959 973
f 959 961 973
f 961 963 965
f 965 969 961
f 1357 1359 1365
f 1359 1361 1365
f 1361 1363 1365
f 1304 1302 1300
f 1300 1314 1304
f 1314 1312 1304
f 1312 1310 1304
f 1310 1308 1304
f 1313 1299 1301
f 1301 1303 1305
f 1305 1307 1309
f 1309 1311 1305
f 1311 1313 1305
f 1317 1319 1325
f 1319 1321 1325
f 1321 1323 1325
f 1325 1327 1329
f 1329 1331 1325
f 1331 1333 1325
f 1333 1315 1325
f 1328 1326 1320
f 1326 1324 1320
f 1324 1322 1320
f 1320 1318 1316
f 1316 1334 1332
f 1332 1330 1328
f 1320 1316 1328
f 1414 1412 1418
f 1412 1410 1418
f 1410 1408 1418
f 1337 1339 1345
f 1339 1341 1345
f 1341 1343 1345
f 1345 1347 1349
f 1349 1351 1345
f 1351 1353 1345
f 1353 1335 1345
f 1356 1366 1360
f 1366 1364 1360
f 1364 1362 1360
f 1348 1346 1340
f 1346 1344 1340
f 1344 1342 1340
f 1340 1338 1336
f 1336 1354 1352
f 1352 1350 1348
f 1340 1336 1348
f 1413 1415 1409
f 1415 1417 1409
f 1417 1407 1409
f 1378 1376 1374
f 1374 1372 1378
f 1372 1370 1378
f 1370 1368 1382
f 1368 1386 1382
f 1386 1384 1382
f 1382 1380 1378
f 1385 1367 1373
f 1367 1369 1373
f 1369 1371 1373
f 1373 1375 1377
f 1377 1379 1381
f 1381 1383 1385
f 1373 1377 1385
f 1396 1394 1392
f 1392 1390 1388
f 1388 1406 1404
f 1404 1402 1388
f 1402 1400 1388
f 1400 1398 1388
f 1398 1396 1388
f 1397 1399 1401
f 1401 1403 1397
f 1403 1405 1397
f 1405 1387 1393
f 1387 1389 1393
f 1389 1391 1393
f 1393 1395 1397
f 1509 1511 1513
f 1513 1515 1517
f 1517 1507 1509
f 1456 1454 1452
f 1452 1466 1456
f 1466 1464 1456
f 1464 1462 1456
f 1462 1460 1456
f 1465 1451 1453
f 1453 1455 1457
f 1457 1459 1461
f 1461 1463 1457
f 1463 1465 1457
f 1469 1471 1473
f 1473 1475 1477
f 1477 1479 1481
f 1481 1483 1477
f 1483 1485 1477
f 1485 1467 1469
f 1469 1473 1485
f 1480 1478 1476
f 1476 1474 1472
f 1472 1470 1468
f 1468 1486 1484
f 1484 1482 1480
f 1480 1476 1484
f 1476 1472 1484
f 1566 1564 1562
f 1562 1560 1570
f 1570 1568 1566
f 1489 1491 1493
f 1493 1495 1497
f 1497 1499 1501
f 1501 1503 1497
f 1503 1505 1497
f 1505 1487 1489
f 1489 1493 1505
f 1508 1518 1516
f 1516 1514 1512
f 1512 1510 1508
f 1500 1498 1496
f 1496 1494 1500
f 1494 1492 1500
f 1492 1490 1488
f 1488 1506 1504
f 1504 1502 1492
f 1502 1500 1492
f 1565 1567 1569
f 1569 1559 1561
f 1561 1563 1565
f 1530 1528 1526
f 1526 1524 1522
f 1522 1520 1538
f 1538 1536 1522
f 1536 1534 1522
f 1534 1532 1530
f 1530 1526 1522
f 1537 1519 1525
f 1519 1521 1525
f 1521 1523 1525
f 1525 1527 1529
f 1529 1531 1533
f 1533 1535 1525
f 1535 1537 1525
f 1548 1546 1544
f 1544 1542 1540
f 1540 1558 1556
f 1556 1554 1540
f 1554 1552 1540
f 1552 1550 1540
f 1550 1548 1540
f 1549 1551 1553
f 1553 1555 1557
f 1557 1539 1545
f 1539 1541 1545
f 1541 1543 1545
f 1545 1547 1549
f 1549 1553 1545
f 1781 1783 1785
f 1785 1787 1789
f 1789 1779 1785
f 1728 1726 1724
f 1724 1738 1728
f 1738 1736 1728
f 1736 1734 1728
f 1734 1732 1728
f 1737 1723 1725
f 1725 1727 1729
f 1729 1731 1733
f 1733 1735 1729
f 1735 1737 1729
f 1741 1743 1745
f 1745 1747 1749
f 1749 1751 1753
f 1753 1755 1749
f 1755 1757 1749
f 1757 1739 1741
f 1741 1745 1757
f 1752 1750 1748
f 1748 1746 1752
f 1746 1744 1752
f 1744 1742 1740
f 1740 1758 1756
f 1756 1754 1744
f 1754 1752 1744
f 1838 1836 1834
f 1834 1832 1838
f 1832 1842 1838
f 1761 1763 1765
f 1765 1767 1769
f 1769 1771 1773
f 1773 1775 1769
f 1775 1777 1769
f 1777 1759 1761
f 1761 1765 1777
f 1780 1790 1788
f 1788 1786 1780
f 1786 1784 1780
f 1772 1770 1768
f 1768 1766 1772
f 1766 1764 1772
f 1764 1762 1760
f 1760 1778 1776
f 1776 1774 1764
f 1774 1772 1764
f 1837 1839 1841
f 1841 1831 1837
f 1831 1833 1837
f 1802 1800 1798
f 1798 1796 1794
f 1794 1792 1810
f 1810 1808 1794
f 1808 1806 1794
f 1806 1804 1802
f 1802 1798 1806
f 1809 1791 1793
f 1793 1795 1809
f 1795 1797 1809
f 1797 1799 1801
f 1801 1803 1805
f 1805 1807 1797
f 1807 1809 1797
f 1820 1818 1812
f 1818 1816 1812
f 1816 1814 1812
f 1812 1830 1828
f 1828 1826 1824
f 1824 1822 1820
f 1812 1828 1820
f 1821 1823 1825
f 1825 1827 1829
f 1829 1811 1813
f 1813 1815 1829
f 1815 1817 1829
f 1817 1819 1821
f 1821 1825 1817
f 1933 1935 1941
f 1935 1937 1941
f 1937 1939 1941
f 1880 1878 1876
f 1876 1890 1880
f 1890 1888 1880
f 1888 1886 1880
f 1886 1884 1880
f 1889 1875 1877
f 1877 1879 1881
f 1881 1883 1885
f 1885 1887 1881
f 1887 1889 1881
f 1893 1895 1897
f 1897 1899 1901
f 1901 1903 1905
f 1905 1907 1901
f 1907 1909 1901
f 1909 1891 1893
f 1893 1897 1909
f 1904 1902 1900
f 1900 1898 1904
f 1898 1896 1904
f 1896 1894 1892
f 1892 1910 1908
f 1908 1906 1896
f 1906 1904 1896
f 1990 1988 1994
f 1988 1986 1994
f 1986 1984 1994
f 1913 1915 1917
f 1917 1919 1921
f 1921 1923 1925
f 1925 1927 1921
f 1927 1929 1921
f 1929 1911 1913
f 1913 1917 1929
f 1932 1942 1936
f 1942 1940 1936
f 1940 1938 1936
f 1924 1922 1920
f 1920 1918 1924
f 1918 1916 1924
f 1916 1914 1912
f 1912 1930 1928
f 1928 1926 1916
f 1926 1924 1916
f 1989 1991 1985
f 1991 1993 1985
f 1993 1983 1985
f 1954 1952 1950
f 1950 1948 1946
f 1946 1944 1962
f 1962 1960 1946
f 1960 1958 1946
f 1958 1956 1954
f 1954 1950 1958
f 1961 1943 1945
f 1945 1947 1961
f 1947 1949 1961
f 1949 1951 1953
f 1953 1955 1957
f 1957 1959 1949
f 1959 1961 1949
f 1972 1970 1968
f 1968 1966 1964
f 1964 1982 1980
f 1980 1978 1964
f 1978 1976 1964
f 1976 1974 1972
f 1972 1968 1976
f 1973 1975 1977
f 1977 1979 1981
f 1981 1963 1965
f 1965 1967 1981
f 1967 1969 1981
f 1969 1971 1973
f 1973 1977 1969
f 2149 2131 2137
f 2131 2133 2137
f 2133 2135 2137
f 2137 2139 2141
f 2141 2143 2145
f 2145 2147 2137
f 2147 2149 2137
f 2136 2134 2132
f 2132 2150 2148
f 2148 2146 2144
f 2144 2142 2148
f 2142 2140 2148
f 2140 2138 2148
f 2138 2136 2148
f 2249 2251 2253
f 2253 2255 2257
f 2257 2247 2253
f 2196 2194 2192
f 2192 2206 2196
f 2206 2204 2196
f 2204 2202 2196
f 2202 2200 2196
f 2205 2191 2193
f 2193 2195 2197
f 2197 2199 2201
f 2201 2203 2197
f 2203 2205 2197
f 2209 2211 2213
f 2213 2215 2217
f 2217 2219 2221
f 2221 2223 2217
f 2223 2225 2217
f 2225 2207 2209
f 2209 2213 2225
f 2220 2218 2216
f 2216 2214 2220
f 2214 2212 2220
f 2212 2210 2208
f 2208 2226 2224
f 2224 2222 2212
f 2222 2220 2212
f 2306 2304 2302
f 2302 2300 2306
f 2300 2310 2306
f 2229 2231 2233
f 2233 2235 2237
f 2237 2239 2241
f 2241 2243 2237
f 2243 2245 2237
f 2245 2227 2229
f 2229 2233 2245
f 2248 2258 2256
f 2256 2254 2248
f 2254 2252 2248
f 2240 2238 2236
f 2236 2234 2240
f 2234 2232 2240
f 2232 2230 2228
f 2228 2246 2244
f 2244 2242 2232
f 2242 2240 2232
f 2305 2307 2309
f 2309 2299 2305
f 2299 2301 2305
f 2270 2268 2266
f 2266 2264 2262
f 2262 2260 2278
f 2278 2276 2262
f 2276 2274 2262
f 2274 2272 2270
f 2270 2266 2274
f 2277 2259 2261
f 2261 2263 2277
f 2263 2265 2277
f 2265 2267 2269
f 2269 2271 2273
f 2273 2275 2265
f 2275 2277 2265
f 2288 2286 2280
f 2286 2284 2280
f 2284 2282 2280
f 2280 2298 2296
f 2296 2294 2292
f 2292 2290 2288
f 2280 2296 2288
f 2289 2291 2293
f 2293 2295 2297
f 2297 2279 2281
f 2281 2283 2297
f 2283 2285 2297
f 2285 2287 2289
f 2289 2293 2285
f 2401 2403 2405
f 2405 2407 2409
f 2409 2399 2405
f 2348 2346 2344
f 2344 2358 2348
f 2358 2356 2348
f 2356 2354 2348
f 2354 2352 2348
f 2357 2343 2345
f 2345 2347 2349
f 2349 2351 2353
f 2353 2355 2349
f 2355 2357 2349
f 2361 2363 2365
f 2365 2367 2369
f 2369 2371 2373
f 2373 2375 2369
f 2375 2377 2369
f 2377 2359 2361
f 2361 2365 2377
f 2372 2370 2368
f 2368 2366 2372
f 2366 2364 2372
f 2364 2362 2360
f 2360 2378 2376
f 2376 2374 2364
f 2374 2372 2364
f 2458 2456 2454
f 2454 2452 2458
f 2452 2462 2458
f 2381 2383 2385
f 2385 2387 2389
f 2389 2391 2393
f 2393 2395 2389
f 2395 2397 2389
f 2397 2379 2381
f 2381 2385 2397
f 2400 2410 2408
f 2408 2406 2400
f 2406 2404 2400
f 2392 2390 2388
f 2388 2386 2392
f 2386 2384 2392
f 2384 2382 2380
f 2380 2398 2396
f 2396 2394 2384
f 2394 2392 2384
f 2457 2459 2461
f 2461 2451 2457
f 2451 2453 2457
f 2422 2420 2418
f 2418 2416 2414
f 2414 2412 2430
f 2430 2428 2414
f 2428 2426 2414
f 2426 2424 2422
f 2422 2418 2426
f 2429 2411 2413
f 2413 2415 2429
f 2415 2417 2429
f 2417 2419 2421
f 2421 2423 2425
f 2425 2427 2417
f 2427 2429 2417
f 2440 2438 2436
f 2436 2434 2432
f 2432 2450 2448
f 2448 2446 2432
f 2446 2444 2432
f 2444 2442 2440
f 2440 2436 2444
f 2441 2443 2445
f 2445 2447 2449
f 2449 2431 2437
f 2431 2433 2437
f 2433 2435 2437
f 2437 2439 2441
f 2441 2445 2437
f 2 4 3
f 4 8 7
f 8 6 5
f 6 2 1
f 7 5 1
f 4 2 6
f 84 86 85
f 108 110 109
f 102 104 103
f 86 88 87
f 106 108 107
f 88 90 89
f 90 92 91
f 100 102 101
f 92 94 93
f 104 106 105
f 94 96 95
f 96 98 97
f 98 84 83
f 110 112 111
f 112 114 113
f 114 100 99
f 313 314 316
f 308 310 309
f 352 354 353
f 345 346 348
f 376 378 377
f 312 314 313
f 329 330 332
f 310 312 311
f 325 326 328
f 370 372 371
f 332 334 333
f 324 326 325
f 315 316 318
f 328 330 329
f 348 350 349
f 317 318 320
f 354 356 355
f 320 322 321
f 424 426 425
f 380 382 381
f 322 308 307
f 400 402 401
f 334 336 335
f 349 350 352
f 344 346 345
f 336 338 337
f 366 368 367
f 368 370 369
f 338 340 339
f 374 364 363
f 340 342 341
f 404 406 405
f 372 374 373
f 342 324 323
f 363 364 366
f 356 358 357
f 406 408 407
f 456 458 457
f 358 360 359
f 397 398 400
f 360 362 361
f 377 378 380
f 432 434 433
f 362 344 343
f 382 384 383
f 428 430 429
f 476 478 477
f 384 386 385
f 452 454 453
f 386 388 387
f 396 398 397
f 402 404 403
f 388 390 389
f 420 422 421
f 418 420 419
f 390 392 391
f 426 416 415
f 392 394 393
f 422 424 423
f 394 376 375
f 416 418 417
f 408 410 409
f 458 460 459
f 491 489 485
f 410 412 411
f 449 450 452
f 412 414 413
f 429 430 432
f 492 490 489
f 414 396 395
f 433 434 436
f 484 482 481
f 482 306 305
f 436 438 437
f 306 480 479
f 438 440 439
f 448 450 449
f 453 454 456
f 440 442 441
f 472 474 473
f 470 472 471
f 442 444 443
f 478 468 467
f 444 446 445
f 488 492 491
f 474 476 475
f 446 428 427
f 468 470 469
f 460 462 461
f 480 484 483
f 483 481 305
f 462 464 463
f 490 486 485
f 464 466 465
f 480 306 482
f 486 488 487
f 466 448 447
f 488 486 490
f 494 496 495
f 496 500 499
f 500 498 497
f 498 494 493
f 499 497 493
f 496 494 498
f 572 574 573
f 504 506 505
f 528 530 529
f 522 524 523
f 506 508 507
f 526 528 527
f 602 604 603
f 508 510 509
f 548 550 549
f 562 564 563
f 509 510 512
f 542 544 543
f 520 522 521
f 512 514 513
f 524 526 525
f 550 552 551
f 513 514 516
f 544 546 545
f 516 518 517
f 594 596 595
f 574 576 575
f 518 504 503
f 596 598 597
f 576 578 577
f 530 532 531
f 540 542 541
f 546 548 547
f 532 534 533
f 570 560 559
f 568 570 569
f 534 536 535
f 564 566 565
f 536 538 537
f 618 620 619
f 560 562 561
f 538 520 519
f 566 568 567
f 552 554 553
f 600 602 601
f 554 556 555
f 556 558 557
f 628 630 629
f 558 540 539
f 578 580 579
f 672 674 673
f 624 626 625
f 580 582 581
f 648 650 649
f 582 584 583
f 598 600 599
f 592 594 593
f 584 586 585
f 614 616 615
f 616 618 617
f 586 588 587
f 622 612 611
f 588 590 589
f 652 654 653
f 620 622 621
f 590 572 571
f 612 614 613
f 604 606 605
f 654 656 655
f 687 685 681
f 606 608 607
f 646 648 647
f 608 610 609
f 626 628 627
f 688 686 685
f 610 592 591
f 629 630 632
f 680 678 677
f 678 502 501
f 632 634 633
f 502 676 675
f 634 636 635
f 644 646 645
f 649 650 652
f 636 638 637
f 668 670 669
f 666 668 667
f 638 640 639
f 674 664 663
f 640 642 641
f 684 688 687
f 670 672 671
f 642 624 623
f 663 664 666
f 656 658 657
f 676 680 679
f 679 677 501
f 658 660 659
f 686 682 681
f 660 662 661
f 676 502 678
f 682 684 683
f 662 644 643
f 684 682 686
f 690 692 691
f 692 696 695
f 696 694 693
f 694 690 689
f 695 693 689
f 692 690 694
f 784 786 785
f 716 718 717
f 740 742 741
f 734 736 735
f 718 720 719
f 738 740 739
f 814 816 815
f 720 722 721
f 760 762 761
f 774 776 775
f 722 724 723
f 754 756 755
f 731 732 734
f 723 724 726
f 735 736 738
f 762 764 763
f 725 726 728
f 755 756 758
f 728 730 729
f 806 808 807
f 786 788 787
f 730 716 715
f 807 808 810
f 787 788 790
f 742 744 743
f 752 754 753
f 758 760 759
f 744 746 745
f 782 772 771
f 780 782 781
f 746 748 747
f 776 778 777
f 748 750 749
f 830 832 831
f 772 774 773
f 750 732 731
f 778 780 779
f 764 766 765
f 812 814 813
f 766 768 767
f 844 848 847
f 768 770 769
f 848 846 845
f 770 752 751
f 790 792 791
f 838 714 713
f 840 838 837
f 792 794 793
f 714 836 835
f 794 796 795
f 810 812 811
f 804 806 805
f 796 798 797
f 826 828 827
f 828 830 829
f 798 800 799
f 834 824 823
f 800 802 801
f 847 845 841
f 832 834 833
f 802 784 783
f 824 826 825
f 816 818 817
f 836 840 839
f 839 837 713
f 818 820 819
f 846 842 841
f 820 822 821
f 836 714 838
f 842 844 843
f 822 804 803
f 844 842 846
f 850 852 851
f 852 856 855
f 856 854 853
f 854 850 849
f 855 853 849
f 852 850 854
f 936 938 937
f 868 870 869
f 892 894 893
f 886 888 887
f 870 872 871
f 890 892 891
f 966 968 967
f 871 872 874
f 912 914 913
f 926 928 927
f 874 876 875
f 906 908 907
f 884 886 885
f 876 878 877
f 887 888 890
f 914 916 915
f 877 878 880
f 907 908 910
f 880 882 881
f 958 960 959
f 938 940 939
f 882 868 867
f 959 960 962
f 939 940 942
f 894 896 895
f 904 906 905
f 910 912 911
f 896 898 897
f 934 924 923
f 932 934 933
f 898 900 899
f 928 930 929
f 900 902 901
f 982 984 983
f 924 926 925
f 902 884 883
f 930 932 931
f 916 918 917
f 964 966 965
f 918 920 919
f 996 1000 999
f 920 922 921
f 1000 998 997
f 922 904 903
f 942 944 943
f 990 866 865
f 992 990 989
f 944 946 945
f 866 988 987
f 946 948 947
f 962 964 963
f 956 958 957
f 948 950 949
f 978 980 979
f 980 982 981
f 950 952 951
f 986 976 975
f 952 954 953
f 999 997 993
f 984 986 985
f 954 936 935
f 976 978 977
f 968 970 969
f 988 992 991
f 991 989 865
f 970 972 971
f 998 994 993
f 972 974 973
f 988 866 990
f 994 996 995
f 974 956 955
f 996 994 998
f 1002 1004 1003
f 1004 1008 1007
f 1008 1006 1005
f 1006 1002 1001
f 1007 1005 1001
f 1004 1002 1006
f 1106 1108 1107
f 1108 1112 1111
f 1112 1110 1109
f 1110 1106 1105
f 1111 1109 1105
f 1108 1106 1110
f 1122 1124 1123
f 1124 1128 1127
f 1128 1126 1125
f 1126 1122 1121
f 1127 1125 1121
f 1124 1122 1126
f 1218 1220 1219
f 1220 1224 1223
f 1224 1222 1221
f 1222 1218 1217
f 1223 1221 1217
f 1220 1218 1222
f 1234 1236 1235
f 1236 1240 1239
f 1240 1238 1237
f 1238 1234 1233
f 1239 1237 1233
f 1236 1234 1238
f 1250 1252 1251
f 1252 1256 1255
f 1256 1254 1253
f 1254 1250 1249
f 1255 1253 1249
f 1252 1250 1254
f 1258 1260 1259
f 1260 1264 1263
f 1264 1262 1261
f 1262 1258 1257
f 1263 1261 1257
f 1260 1258 1262
f 1266 1268 1267
f 1268 1272 1271
f 1272 1270 1269
f 1270 1266 1265
f 1271 1269 1265
f 1268 1266 1270
f 1274 1276 1275
f 1276 1280 1279
f 1280 1278 1277
f 1278 1274 1273
f 1279 1277 1273
f 1276 1274 1278
f 1368 1370 1369
f 1300 1302 1301
f 1324 1326 1325
f 1318 1320 1319
f 1302 1304 1303
f 1322 1324 1323
f 1398 1400 1399
f 1304 1306 1305
f 1344 1346 1345
f 1358 1360 1359
f 1306 1308 1307
f 1338 1340 1339
f 1316 1318 1317
f 1308 1310 1309
f 1319 1320 1322
f 1346 1348 1347
f 1309 1310 1312
f 1339 1340 1342
f 1312 1314 1313
f 1390 1392 1391
f 1370 1372 1371
f 1314 1300 1299
f 1391 1392 1394
f 1371 1372 1374
f 1326 1328 1327
f 1336 1338 1337
f 1342 1344 1343
f 1328 1330 1329
f 1366 1356 1355
f 1364 1366 1365
f 1330 1332 1331
f 1360 1362 1361
f 1332 1334 1333
f 1414 1416 1415
f 1355 1356 1358
f 1334 1316 1315
f 1362 1364 1363
f 1348 1350 1349
f 1396 1398 1397
f 1350 1352 1351
f 1428 1432 1431
f 1352 1354 1353
f 1432 1430 1429
f 1354 1336 1335
f 1374 1376 1375
f 1422 1298 1297
f 1424 1422 1421
f 1376 1378 1377
f 1298 1420 1419
f 1378 1380 1379
f 1394 1396 1395
f 1388 1390 1389
f 1380 1382 1381
f 1410 1412 1411
f 1412 1414 1413
f 1382 1384 1383
f 1418 1408 1407
f 1384 1386 1385
f 1431 1429 1425
f 1416 1418 1417
f 1386 1368 1367
f 1408 1410 1409
f 1400 1402 1401
f 1420 1424 1423
f 1423 1421 1297
f 1402 1404 1403
f 1430 1426 1425
f 1404 1406 1405
f 1420 1298 1422
f 1426 1428 1427
f 1406 1388 1387
f 1428 1426 1430
f 1434 1436 1435
f 1436 1440 1439
f 1440 1438 1437
f 1438 1434 1433
f 1439 1437 1433
f 1436 1434 1438
f 1519 1520 1522
f 1452 1454 1453
f 1476 1478 1477
f 1470 1472 1471
f 1454 1456 1455
f 1474 1476 1475
f 1550 1552 1551
f 1455 1456 1458
f 1496 1498 1497
f 1510 1512 1511
f 1458 1460 1459
f 1490 1492 1491
f 1467 1468 1470
f 1460 1462 1461
f 1471 1472 1474
f 1498 1500 1499
f 1462 1464 1463
f 1491 1492 1494
f 1464 1466 1465
f 1542 1544 1543
f 1522 1524 1523
f 1466 1452 1451
f 1543 1544 1546
f 1523 1524 1526
f 1478 1480 1479
f 1488 1490 1489
f 1494 1496 1495
f 1480 1482 1481
f 1518 1508 1507
f 1516 1518 1517
f 1482 1484 1483
f 1512 1514 1513
f 1484 1486 1485
f 1566 1568 1567
f 1508 1510 1509
f 1486 1468 1467
f 1514 1516 1515
f 1500 1502 1501
f 1547 1548 1550
f 1502 1504 1503
f 1580 1584 1583
f 1504 1506 1505
f 1584 1582 1581
f 1506 1488 1487
f 1526 1528 1527
f 1574 1450 1449
f 1576 1574 1573
f 1528 1530 1529
f 1450 1572 1571
f 1530 1532 1531
f 1546 1548 1547
f 1540 1542 1541
f 1532 1534 1533
f 1562 1564 1563
f 1564 1566 1565
f 1534 1536 1535
f 1570 1560 1559
f 1536 1538 1537
f 1583 1581 1577
f 1568 1570 1569
f 1538 1520 1519
f 1560 1562 1561
f 1552 1554 1553
f 1572 1576 1575
f 1575 1573 1449
f 1554 1556 1555
f 1582 1578 1577
f 1556 1558 1557
f 1572 1450 1574
f 1578 1580 1579
f 1558 1540 1539
f 1580 1578 1582
f 1586 1588 1587
f 1588 1592 1591
f 1592 1590 1589
f 1590 1586 1585
f 1591 1589 1585
f 1588 1586 1590
f 1610 1612 1611
f 1612 1616 1615
f 1616 1614 1613
f 1614 1610 1609
f 1615 1613 1609
f 1612 1610 1614
f 1658 1660 1659
f 1660 1664 1663
f 1664 1662 1661
f 1662 1658 1657
f 1663 1661 1657
f 1660 1658 1662
f 1792 1794 1793
f 1724 1726 1725
f 1748 1750 1749
f 1742 1744 1743
f 1726 1728 1727
f 1746 1748 1747
f 1822 1824 1823
f 1728 1730 1729
f 1768 1770 1769
f 1782 1784 1783
f 1730 1732 1731
f 1762 1764 1763
f 1740 1742 1741
f 1732 1734 1733
f 1743 1744 1746
f 1770 1772 1771
f 1733 1734 1736
f 1763 1764 1766
f 1736 1738 1737
f 1814 1816 1815
f 1794 1796 1795
f 1738 1724 1723
f 1815 1816 1818
f 1795 1796 1798
f 1750 1752 1751
f 1760 1762 1761
f 1766 1768 1767
f 1752 1754 1753
f 1790 1780 1779
f 1788 1790 1789
f 1754 1756 1755
f 1784 1786 1785
f 1756 1758 1757
f 1838 1840 1839
f 1780 1782 1781
f 1758 1740 1739
f 1786 1788 1787
f 1772 1774 1773
f 1820 1822 1821
f 1774 1776 1775
f 1852 1856 1855
f 1776 1778 1777
f 1856 1854 1853
f 1778 1760 1759
f 1798 1800 1799
f 1846 1722 1721
f 1848 1846 1845
f 1800 1802 1801
f 1722 1844 1843
f 1802 1804 1803
f 1818 1820 1819
f 1812 1814 1813
f 1804 1806 1805
f 1834 1836 1835
f 1836 1838 1837
f 1806 1808 1807
f 1842 1832 1831
f 1808 1810 1809
f 1855 1853 1849
f 1840 1842 1841
f 1810 1792 1791
f 1832 1834 1833
f 1824 1826 1825
f 1844 1848 1847
f 1847 1845 1721
f 1826 1828 1827
f 1854 1850 1849
f 1828 1830 1829
f 1844 1722 1846
f 1850 1852 1851
f 1830 1812 1811
f 1852 1850 1854
f 1858 1860 1859
f 1860 1864 1863
f 1864 1862 1861
f 1862 1858 1857
f 1863 1861 1857
f 1860 1858 1862
f 1944 1946 1945
f 1876 1878 1877
f 1900 1902 1901
f 1894 1896 1895
f 1878 1880 1879
f 1898 1900 1899
f 1974 1976 1975
f 1879 1880 1882
f 1920 1922 1921
f 1934 1936 1935
f 1882 1884 1883
f 1914 1916 1915
f 1892 1894 1893
f 1884 1886 1885
f 1895 1896 1898
f 1922 1924 1923
f 1885 1886 1888
f 1915 1916 1918
f 1888 1890 1889
f 1966 1968 1967
f 1946 1948 1947
f 1890 1876 1875
f 1967 1968 1970
f 1947 1948 1950
f 1902 1904 1903
f 1912 1914 1913
f 1918 1920 1919
f 1904 1906 1905
f 1942 1932 1931
f 1940 1942 1941
f 1906 1908 1907
f 1936 1938 1937
f 1908 1910 1909
f 1990 1992 1991
f 1931 1932 1934
f 1910 1892 1891
f 1938 1940 1939
f 1924 1926 1925
f 1972 1974 1973
f 1926 1928 1927
f 2004 2008 2007
f 1928 1930 1929
f 2008 2006 2005
f 1930 1912 1911
f 1950 1952 1951
f 1998 1874 1873
f 2000 1998 1997
f 1952 1954 1953
f 1874 1996 1995
f 1954 1956 1955
f 1970 1972 1971
f 1964 1966 1965
f 1956 1958 1957
f 1986 1988 1987
f 1988 1990 1989
f 1958 1960 1959
f 1994 1984 1983
f 1960 1962 1961
f 2007 2005 2001
f 1992 1994 1993
f 1962 1944 1943
f 1984 1986 1985
f 1976 1978 1977
f 1996 2000 1999
f 1999 1997 1873
f 1978 1980 1979
f 2006 2002 2001
f 1980 1982 1981
f 1996 1874 1998
f 2002 2004 2003
f 1982 1964 1963
f 2004 2002 2006
f 2010 2012 2011
f 2012 2016 2015
f 2016 2014 2013
f 2014 2010 2009
f 2015 2013 2009
f 2012 2010 2014
f 2124 2122 2126
f 2127 2125 2121
f 2126 2122 2121
f 2128 2126 2125
f 2124 2128 2127
f 2122 2124 2123
f 2132 2134 2133
f 2134 2136 2135
f 2136 2138 2137
f 2138 2140 2139
f 2140 2142 2141
f 2142 2144 2143
f 2144 2146 2145
f 2146 2148 2147
f 2148 2150 2149
f 2150 2132 2131
f 2260 2262 2261
f 2192 2194 2193
f 2216 2218 2217
f 2210 2212 2211
f 2194 2196 2195
f 2214 2216 2215
f 2290 2292 2291
f 2195 2196 2198
f 2236 2238 2237
f 2250 2252 2251
f 2198 2200 2199
f 2230 2232 2231
f 2208 2210 2209
f 2200 2202 2201
f 2211 2212 2214
f 2238 2240 2239
f 2202 2204 2203
f 2231 2232 2234
f 2204 2206 2205
f 2282 2284 2283
f 2262 2264 2263
f 2206 2192 2191
f 2283 2284 2286
f 2263 2264 2266
f 2218 2220 2219
f 2228 2230 2229
f 2234 2236 2235
f 2220 2222 2221
f 2258 2248 2247
f 2256 2258 2257
f 2222 2224 2223
f 2252 2254 2253
f 2224 2226 2225
f 2306 2308 2307
f 2248 2250 2249
f 2226 2208 2207
f 2254 2256 2255
f 2240 2242 2241
f 2288 2290 2289
f 2242 2244 2243
f 2320 2324 2323
f 2244 2246 2245
f 2324 2322 2321
f 2246 2228 2227
f 2266 2268 2267
f 2314 2190 2189
f 2316 2314 2313
f 2268 2270 2269
f 2190 2312 2311
f 2270 2272 2271
f 2286 2288 2287
f 2280 2282 2281
f 2272 2274 2273
f 2302 2304 2303
f 2304 2306 2305
f 2274 2276 2275
f 2310 2300 2299
f 2276 2278 2277
f 2323 2321 2317
f 2308 2310 2309
f 2278 2260 2259
f 2300 2302 2301
f 2292 2294 2293
f 2312 2316 2315
f 2315 2313 2189
f 2294 2296 2295
f 2322 2318 2317
f 2296 2298 2297
f 2312 2190 2314
f 2318 2320 2319
f 2298 2280 2279
f 2320 2318 2322
f 2326 2328 2327
f 2328 2332 2331
f 2332 2330 2329
f 2330 2326 2325
f 2331 2329 2325
f 2328 2326 2330
f 2412 2414 2413
f 2344 2346 2345
f 2368 2370 2369
f 2362 2364 2363
f 2346 2348 2347
f 2366 2368 2367
f 2442 2444 2443
f 2347 2348 2350
f 2388 2390 2389
f 2402 2404 2403
f 2350 2352 2351
f 2382 2384 2383
f 2360 2362 2361
f 2352 2354 2353
f 2363 2364 2366
f 2390 2392 2391
f 2353 2354 2356
f 2383 2384 2386
f 2356 2358 2357
f 2434 2436 2435
f 2414 2416 2415
f 2358 2344 2343
f 2435 2436 2438
f 2415 2416 2418
f 2370 2372 2371
f 2380 2382 2381
f 2386 2388 2387
f 2372 2374 2373
f 2410 2400 2399
f 2408 2410 2409
f 2374 2376 2375
f 2404 2406 2405
f 2376 2378 2377
f 2458 2460 2459
f 2400 2402 2401
f 2378 2360 2359
f 2406 2408 2407
f 2392 2394 2393
f 2440 2442 2441
f 2394 2396 2395
f 2472 2476 2475
f 2396 2398 2397
f 2476 2474 2473
f 2398 2380 2379
f 2418 2420 2419
f 2466 2342 2341
f 2468 2466 2465
f 2420 2422 2421
f 2342 2464 2463
f 2422 2424 2423
f 2438 2440 2439
f 2432 2434 2433
f 2424 2426 2425
f 2454 2456 2455
f 2456 2458 2457
f 2426 2428 2427
f 2462 2452 2451
f 2428 2430 2429
f 2475 2473 2469
f 2460 2462 2461
f 2430 2412 2411
f 2452 2454 2453
f 2444 2446 2445
f 2464 2468 2467
f 2467 2465 2341
f 2446 2448 2447
f 2474 2470 2469
f 2448 2450 2449
f 2464 2342 2466
f 2470 2472 2471
f 2450 2432 2431
f 2472 2470 2474
f 2478 2480 2479
f 2480 2484 2483
f 2484 2482 2481
f 2482 2478 2477
f 2483 2481 2477
f 2480 2478 2482
f 2502 2504 2503
f 2504 2508 2507
f 2508 2506 2505
f 2506 2502 2501
f 2507 2505 2501
f 2504 2502 2506
f 2510 2512 2511
f 2512 2516 2515
f 2516 2514 2513
f 2514 2510 2509
f 2515 2513 2509
f 2512 2510 2514
f 2518 2520 2519
f 2520 2524 2523
f 2524 2522 2521
f 2522 2518 2517
f 2523 2521 2517
f 2520 2518 2522
f 2526 2528 2527
f 2528 2532 2531
f 2532 2530 2529
f 2530 2526 2525
f 2531 2529 2525
f 2528 2526 2530
f 2534 2536 2535
f 2536 2540 2539
f 2540 2538 2537
f 2538 2534 2533
f 2539 2537 2533
f 2536 2534 2538
f 2542 2544 2543
f 2544 2548 2547
f 2548 2546 2545
f 2546 2542 2541
f 2547 2545 2541
f 2544 2542 2546
f 2558 2560 2559
f 2560 2564 2563
f 2564 2562 2561
f 2562 2558 2557
f 2563 2561 2557
f 2560 2558 2562
f 2566 2568 2567
f 2568 2572 2571
f 2572 2570 2569
f 2570 2566 2565
f 2571 2569 2565
f 2568 2566 2570
f 2574 2576 2575
f 2576 2580 2579
f 2580 2578 2577
f 2578 2574 2573
f 2579 2577 2573
f 2576 2574 2578
f 2582 2584 2583
f 2584 2588 2587
f 2588 2586 2585
f 2586 2582 2581
f 2587 2585 2581
f 2584 2582 2586
f 2590 2592 2591
f 2592 2596 2595
f 2596 2594 2593
f 2594 2590 2589
f 2595 2593 2589
f 2592 2590 2594
f 2598 2600 2599
f 2600 2604 2603
f 2604 2602 2601
f 2602 2598 2597
f 2603 2601 2597
f 2600 2598 2602
f 2678 2680 2679
f 2680 2684 2683
f 2684 2682 2681
f 2682 2678 2677
f 2683 2681 2677
f 2680 2678 2682
f 2686 2688 2687
f 2688 2692 2691
f 2692 2690 2689
f 2690 2686 2685
f 2691 2689 2685
f 2688 2686 2690
f 2694 2696 2695
f 2696 2700 2699
f 2700 2698 2697
f 2698 2694 2693
f 2699 2697 2693
f 2696 2694 2698
f 2702 2704 2703
f 2704 2708 2707
f 2708 2706 2705
f 2706 2702 2701
f 2707 2705 2701
f 2704 2702 2706
f 2710 2712 2711
f 2712 2716 2715
f 2716 2714 2713
f 2714 2710 2709
f 2715 2713 2709
f 2712 2710 2714
f 2718 2720 2719
f 2720 2724 2723
f 2724 2722 2721
f 2722 2718 2717
f 2723 2721 2717
f 2720 2718 2722
f 2798 2800 2799
f 2800 2804 2803
f 2804 2802 2801
f 2802 2798 2797
f 2803 2801 2797
f 2800 2798 2802
f 2806 2808 2807
f 2808 2812 2811
f 2812 2810 2809
f 2810 2806 2805
f 2811 2809 2805
f 2808 2806 2810
f 2814 2816 2815
f 2816 2820 2819
f 2820 2818 2817
f 2818 2814 2813
f 2819 2817 2813
f 2816 2814 2818
f 2822 2824 2823
f 2824 2828 2827
f 2828 2826 2825
f 2826 2822 2821
f 2827 2825 2821
f 2824 2822 2826
f 2830 2832 2831
f 2832 2836 2835
f 2836 2834 2833
f 2834 2830 2829
f 2835 2833 2829
f 2832 2830 2834
f 2838 2840 2839
f 2840 2844 2843
f 2844 2842 2841
f 2842 2838 2837
f 2843 2841 2837
f 2840 2838 2842
usemtl Mat1
f 10 11 9
f 12 15 11
f 16 13 15
f 14 9 13
f 15 9 11
f 12 14 16
f 18 19 17
f 20 23 19
f 24 21 23
f 22 17 21
f 23 17 19
f 20 22 24
f 42 43 41
f 44 47 43
f 48 45 47
f 46 41 45
f 47 41 43
f 44 46 48
f 698 699 697
f 700 703 699
f 704 701 703
f 702 697 701
f 703 697 699
f 700 702 704
f 706 707 705
f 708 711 707
f 712 709 711
f 710 705 709
f 711 705 707
f 708 710 712
f 858 859 857
f 860 863 859
f 864 861 863
f 862 857 861
f 863 857 859
f 860 862 864
f 1098 1099 1097
f 1100 1103 1099
f 1104 1101 1103
f 1102 1097 1101
f 1103 1097 1099
f 1100 1102 1104
f 1114 1115 1113
f 1116 1119 1115
f 1120 1117 1119
f 1118 1113 1117
f 1119 1113 1115
f 1116 1118 1120
f 1130 1131 1129
f 1132 1135 1131
f 1136 1133 1135
f 1134 1129 1133
f 1135 1129 1131
f 1132 1134 1136
f 1210 1211 1209
f 1212 1215 1211
f 1216 1213 1215
f 1214 1209 1213
f 1215 1209 1211
f 1212 1214 1216
f 1226 1227 1225
f 1228 1231 1227
f 1232 1229 1231
f 1230 1225 1229
f 1231 1225 1227
f 1228 1230 1232
f 1242 1243 1241
f 1244 1247 1243
f 1248 1245 1247
f 1246 1241 1245
f 1247 1241 1243
f 1244 1246 1248
f 1282 1283 1281
f 1284 1287 1283
f 1288 1285 1287
f 1286 1281 1285
f 1287 1281 1283
f 1284 1286 1288
f 1290 1291 1289
f 1292 1295 1291
f 1296 1293 1295
f 1294 1289 1293
f 1295 1289 1291
f 1292 1294 1296
f 1442 1443 1441
f 1444 1447 1443
f 1448 1445 1447
f 1446 1441 1445
f 1447 1441 1443
f 1444 1446 1448
f 1594 1595 1593
f 1596 1599 1595
f 1600 1597 1599
f 1598 1593 1597
f 1599 1593 1595
f 1596 1598 1600
f 1706 1707 1705
f 1708 1711 1707
f 1712 1709 1711
f 1710 1705 1709
f 1711 1705 1707
f 1708 1710 1712
f 1714 1715 1713
f 1716 1719 1715
f 1720 1717 1719
f 1718 1713 1717
f 1719 1713 1715
f 1716 1718 1720
f 1866 1867 1865
f 1868 1871 1867
f 1872 1869 1871
f 1870 1865 1869
f 1871 1865 1867
f 1868 1870 1872
f 2070 2017 2069
f 2071 2017 2067
f 2068 2070 2072
f 2072 2069 2071
f 2068 2071 2067
f 2018 2067 2017
f 2108 2110 2112
f 2111 2082 2107
f 2110 2082 2109
f 2112 2109 2111
f 2108 2111 2107
f 2081 2107 2082
f 2174 2175 2173
f 2176 2179 2175
f 2180 2177 2179
f 2178 2173 2177
f 2179 2173 2175
f 2176 2178 2180
f 2182 2183 2181
f 2184 2187 2183
f 2188 2185 2187
f 2186 2181 2185
f 2187 2181 2183
f 2184 2186 2188
f 2334 2335 2333
f 2336 2339 2335
f 2340 2337 2339
f 2338 2333 2337
f 2339 2333 2335
f 2336 2338 2340
f 2494 2495 2493
f 2496 2499 2495
f 2500 2497 2499
f 2498 2493 2497
f 2499 2493 2495
f 2496 2498 2500
f 2550 2551 2549
f 2552 2555 2551
f 2556 2553 2555
f 2554 2549 2553
f 2555 2549 2551
f 2552 2554 2556
f 2726 2727 2725
f 2728 2731 2727
f 2732 2729 2731
f 2730 2725 2729
f 2731 2725 2727
f 2728 2730 2732
f 2734 2735 2733
f 2736 2739 2735
f 2740 2737 2739
f 2738 2733 2737
f 2739 2733 2735
f 2736 2738 2740
f 2742 2743 2741
f 2744 2747 2743
f 2748 2745 2747
f 2746 2741 2745
f 2747 2741 2743
f 2744 2746 2748
f 2750 2751 2749
f 2752 2755 2751
f 2756 2753 2755
f 2754 2749 2753
f 2755 2749 2751
f 2752 2754 2756
f 2758 2759 2757
f 2760 2763 2759
f 2764 2761 2763
f 2762 2757 2761
f 2763 2757 2759
f 2760 2762 2764
f 2766 2767 2765
f 2768 2771 2767
f 2772 2769 2771
f 2770 2765 2769
f 2771 2765 2767
f 2768 2770 2772
f 2774 2775 2773
f 2776 2779 2775
f 2780 2777 2779
f 2778 2773 2777
f 2779 2773 2775
f 2776 2778 2780
f 2782 2783 2781
f 2784 2787 2783
f 2788 2785 2787
f 2786 2781 2785
f 2787 2781 2783
f 2784 2786 2788
f 2790 2791 2789
f 2792 2795 2791
f 2796 2793 2795
f 2794 2789 2793
f 2795 2789 2791
f 2792 2794 2796
f 2846 2847 2845
f 2848 2851 2847
f 2852 2849 2851
f 2850 2845 2849
f 2851 2845 2847
f 2848 2850 2852
f 2854 2855 2853
f 2856 2859 2855
f 2860 2857 2859
f 2858 2853 2857
f 2859 2853 2855
f 2856 2858 2860
f 10 12 11
f 12 16 15
f 16 14 13
f 14 10 9
f 15 13 9
f 12 10 14
f 18 20 19
f 20 24 23
f 24 22 21
f 22 18 17
f 23 21 17
f 20 18 22
f 42 44 43
f 44 48 47
f 48 46 45
f 46 42 41
f 47 45 41
f 44 42 46
f 698 700 699
f 700 704 703
f 704 702 701
f 702 698 697
f 703 701 697
f 700 698 702
f 706 708 707
f 708 712 711
f 712 710 709
f 710 706 705
f 711 709 705
f 708 706 710
f 858 860 859
f 860 864 863
f 864 862 861
f 862 858 857
f 863 861 857
f 860 858 862
f 1098 1100 1099
f 1100 1104 1103
f 1104 1102 1101
f 1102 1098 1097
f 1103 1101 1097
f 1100 1098 1102
f 1114 1116 1115
f 1116 1120 1119
f 1120 1118 1117
f 1118 1114 1113
f 1119 1117 1113
f 1116 1114 1118
f 1130 1132 1131
f 1132 1136 1135
f 1136 1134 1133
f 1134 1130 1129
f 1135 1133 1129
f 1132 1130 1134
f 1210 1212 1211
f 1212 1216 1215
f 1216 1214 1213
f 1214 1210 1209
f 1215 1213 1209
f 1212 1210 1214
f 1226 1228 1227
f 1228 1232 1231
f 1232 1230 1229
f 1230 1226 1225
f 1231 1229 1225
f 1228 1226 1230
f 1242 1244 1243
f 1244 1248 1247
f 1248 1246 1245
f 1246 1242 1241
f 1247 1245 1241
f 1244 1242 1246
f 1282 1284 1283
f 1284 1288 1287
f 1288 1286 1285
f 1286 1282 1281
f 1287 1285 1281
f 1284 1282 1286
f 1290 1292 1291
f 1292 1296 1295
f 1296 1294 1293
f 1294 1290 1289
f 1295 1293 1289
f 1292 1290 1294
f 1442 1444 1443
f 1444 1448 1447
f 1448 1446 1445
f 1446 1442 1441
f 1447 1445 1441
f 1444 1442 1446
f 1594 1596 1595
f 1596 1600 1599
f 1600 1598 1597
f 1598 1594 1593
f 1599 1597 1593
f 1596 1594 1598
f 1706 1708 1707
f 1708 1712 1711
f 1712 1710 1709
f 1710 1706 1705
f 1711 1709 1705
f 1708 1706 1710
f 1714 1716 1715
f 1716 1720 1719
f 1720 1718 1717
f 1718 1714 1713
f 1719 1717 1713
f 1716 1714 1718
f 1866 1868 1867
f 1868 1872 1871
f 1872 1870 1869
f 1870 1866 1865
f 1871 1869 1865
f 1868 1866 1870
f 2070 2018 2017
f 2071 2069 2017
f 2068 2018 2070
f 2072 2070 2069
f 2068 2072 2071
f 2018 2068 2067
f 2108 2081 2110
f 2111 2109 2082
f 2110 2081 2082
f 2112 2110 2109
f 2108 2112 2111
f 2081 2108 2107
f 2174 2176 2175
f 2176 2180 2179
f 2180 2178 2177
f 2178 2174 2173
f 2179 2177 2173
f 2176 2174 2178
f 2182 2184 2183
f 2184 2188 2187
f 2188 2186 2185
f 2186 2182 2181
f 2187 2185 2181
f 2184 2182 2186
f 2334 2336 2335
f 2336 2340 2339
f 2340 2338 2337
f 2338 2334 2333
f 2339 2337 2333
f 2336 2334 2338
f 2494 2496 2495
f 2496 2500 2499
f 2500 2498 2497
f 2498 2494 2493
f 2499 2497 2493
f 2496 2494 2498
f 2550 2552 2551
f 2552 2556 2555
f 2556 2554 2553
f 2554 2550 2549
f 2555 2553 2549
f 2552 2550 2554
f 2726 2728 2727
f 2728 2732 2731
f 2732 2730 2729
f 2730 2726 2725
f 2731 2729 2725
f 2728 2726 2730
f 2734 2736 2735
f 2736 2740 2739
f 2740 2738 2737
f 2738 2734 2733
f 2739 2737 2733
f 2736 2734 2738
f 2742 2744 2743
f 2744 2748 2747
f 2748 2746 2745
f 2746 2742 2741
f 2747 2745 2741
f 2744 2742 2746
f 2750 2752 2751
f 2752 2756 2755
f 2756 2754 2753
f 2754 2750 2749
f 2755 2753 2749
f 2752 2750 2754
f 2758 2760 2759
f 2760 2764 2763
f 2764 2762 2761
f 2762 2758 2757
f 2763 2761 2757
f 2760 2758 2762
f 2766 2768 2767
f 2768 2772 2771
f 2772 2770 2769
f 2770 2766 2765
f 2771 2769 2765
f 2768 2766 2770
f 2774 2776 2775
f 2776 2780 2779
f 2780 2778 2777
f 2778 2774 2773
f 2779 2777 2773
f 2776 2774 2778
f 2782 2784 2783
f 2784 2788 2787
f 2788 2786 2785
f 2786 2782 2781
f 2787 2785 2781
f 2784 2782 2786
f 2790 2792 2791
f 2792 2796 2795
f 2796 2794 2793
f 2794 2790 2789
f 2795 2793 2789
f 2792 2790 2794
f 2846 2848 2847
f 2848 2852 2851
f 2852 2850 2849
f 2850 2846 2845
f 2851 2849 2845
f 2848 2846 2850
f 2854 2856 2855
f 2856 2860 2859
f 2860 2858 2857
f 2858 2854 2853
f 2859 2857 2853
f 2856 2854 2858
usemtl Mat2
f 26 27 25
f 28 31 27
f 32 29 31
f 30 25 29
f 31 25 27
f 28 30 32
f 1026 1027 1025
f 1028 1031 1027
f 1032 1029 1031
f 1030 1025 1029
f 1031 1025 1027
f 1028 1030 1032
f 1034 1035 1033
f 1036 1039 1035
f 1040 1037 1039
f 1038 1033 1037
f 1039 1033 1035
f 1036 1038 1040
f 1042 1043 1041
f 1044 1047 1043
f 1048 1045 1047
f 1046 1041 1045
f 1047 1041 1043
f 1044 1046 1048
f 1050 1051 1049
f 1052 1055 1051
f 1056 1053 1055
f 1054 1049 1053
f 1055 1049 1051
f 1052 1054 1056
f 1058 1059 1057
f 1060 1063 1059
f 1064 1061 1063
f 1062 1057 1061
f 1063 1057 1059
f 1060 1062 1064
f 1066 1067 1065
f 1068 1071 1067
f 1072 1069 1071
f 1070 1065 1069
f 1071 1065 1067
f 1068 1070 1072
f 1074 1075 1073
f 1076 1079 1075
f 1080 1077 1079
f 1078 1073 1077
f 1079 1073 1075
f 1076 1078 1080
f 1082 1083 1081
f 1084 1087 1083
f 1088 1085 1087
f 1086 1081 1085
f 1087 1081 1083
f 1084 1086 1088
f 1090 1091 1089
f 1092 1095 1091
f 1096 1093 1095
f 1094 1089 1093
f 1095 1089 1091
f 1092 1094 1096
f 1138 1139 1137
f 1140 1143 1139
f 1144 1141 1143
f 1142 1137 1141
f 1143 1137 1139
f 1140 1142 1144
f 1146 1147 1145
f 1148 1151 1147
f 1152 1149 1151
f 1150 1145 1149
f 1151 1145 1147
f 1148 1150 1152
f 1154 1155 1153
f 1156 1159 1155
f 1160 1157 1159
f 1158 1153 1157
f 1159 1153 1155
f 1156 1158 1160
f 1162 1163 1161
f 1164 1167 1163
f 1168 1165 1167
f 1166 1161 1165
f 1167 1161 1163
f 1164 1166 1168
f 1170 1171 1169
f 1172 1175 1171
f 1176 1173 1175
f 1174 1169 1173
f 1175 1169 1171
f 1172 1174 1176
f 1178 1179 1177
f 1180 1183 1179
f 1184 1181 1183
f 1182 1177 1181
f 1183 1177 1179
f 1180 1182 1184
f 1186 1187 1185
f 1188 1191 1187
f 1192 1189 1191
f 1190 1185 1189
f 1191 1185 1187
f 1188 1190 1192
f 1194 1195 1193
f 1196 1199 1195
f 1200 1197 1199
f 1198 1193 1197
f 1199 1193 1195
f 1196 1198 1200
f 1202 1203 1201
f 1204 1207 1203
f 1208 1205 1207
f 1206 1201 1205
f 1207 1201 1203
f 1204 1206 1208
f 26 28 27
f 28 32 31
f 32 30 29
f 30 26 25
f 31 29 25
f 28 26 30
f 1026 1028 1027
f 1028 1032 1031
f 1032 1030 1029
f 1030 1026 1025
f 1031 1029 1025
f 1028 1026 1030
f 1034 1036 1035
f 1036 1040 1039
f 1040 1038 1037
f 1038 1034 1033
f 1039 1037 1033
f 1036 1034 1038
f 1042 1044 1043
f 1044 1048 1047
f 1048 1046 1045
f 1046 1042 1041
f 1047 1045 1041
f 1044 1042 1046
f 1050 1052 1051
f 1052 1056 1055
f 1056 1054 1053
f 1054 1050 1049
f 1055 1053 1049
f 1052 1050 1054
f 1058 1060 1059
f 1060 1064 1063
f 1064 1062 1061
f 1062 1058 1057
f 1063 1061 1057
f 1060 1058 1062
f 1066 1068 1067
f 1068 1072 1071
f 1072 1070 1069
f 1070 1066 1065
f 1071 1069 1065
f 1068 1066 1070
f 1074 1076 1075
f 1076 1080 1079
f 1080 1078 1077
f 1078 1074 1073
f 1079 1077 1073
f 1076 1074 1078
f 1082 1084 1083
f 1084 1088 1087
f 1088 1086 1085
f 1086 1082 1081
f 1087 1085 1081
f 1084 1082 1086
f 1090 1092 1091
f 1092 1096 1095
f 1096 1094 1093
f 1094 1090 1089
f 1095 1093 1089
f 1092 1090 1094
f 1138 1140 1139
f 1140 1144 1143
f 1144 1142 1141
f 1142 1138 1137
f 1143 1141 1137
f 1140 1138 1142
f 1146 1148 1147
f 1148 1152 1151
f 1152 1150 1149
f 1150 1146 1145
f 1151 1149 1145
f 1148 1146 1150
f 1154 1156 1155
f 1156 1160 1159
f 1160 1158 1157
f 1158 1154 1153
f 1159 1157 1153
f 1156 1154 1158
f 1162 1164 1163
f 1164 1168 1167
f 1168 1166 1165
f 1166 1162 1161
f 1167 1165 1161
f 1164 1162 1166
f 1170 1172 1171
f 1172 1176 1175
f 1176 1174 1173
f 1174 1170 1169
f 1175 1173 1169
f 1172 1170 1174
f 1178 1180 1179
f 1180 1184 1183
f 1184 1182 1181
f 1182 1178 1177
f 1183 1181 1177
f 1180 1178 1182
f 1186 1188 1187
f 1188 1192 1191
f 1192 1190 1189
f 1190 1186 1185
f 1191 1189 1185
f 1188 1186 1190
f 1194 1196 1195
f 1196 1200 1199
f 1200 1198 1197
f 1198 1194 1193
f 1199 1197 1193
f 1196 1194 1198
f 1202 1204 1203
f 1204 1208 1207
f 1208 1206 1205
f 1206 1202 1201
f 1207 1205 1201
f 1204 1202 1206
usemtl Mat3
f 34 35 33
f 36 39 35
f 40 37 39
f 38 33 37
f 39 33 35
f 36 38 40
f 1010 1011 1009
f 1012 1015 1011
f 1016 1013 1015
f 1014 1009 1013
f 1015 1009 1011
f 1012 1014 1016
f 1604 1602 1601
f 1605 1607 1608
f 1602 1605 1601
f 1603 1606 1602
f 1604 1607 1603
f 1601 1608 1604
f 2606 2607 2605
f 2608 2611 2607
f 2612 2609 2611
f 2610 2605 2609
f 2611 2605 2607
f 2608 2610 2612
f 2614 2615 2613
f 2616 2619 2615
f 2620 2617 2619
f 2618 2613 2617
f 2619 2613 2615
f 2616 2618 2620
f 2622 2623 2621
f 2624 2627 2623
f 2628 2625 2627
f 2626 2621 2625
f 2627 2621 2623
f 2624 2626 2628
f 2630 2631 2629
f 2632 2635 2631
f 2636 2633 2635
f 2634 2629 2633
f 2635 2629 2631
f 2632 2634 2636
f 2638 2639 2637
f 2640 2643 2639
f 2644 2641 2643
f 2642 2637 2641
f 2643 2637 2639
f 2640 2642 2644
f 2646 2647 2645
f 2648 2651 2647
f 2652 2649 2651
f 2650 2645 2649
f 2651 2645 2647
f 2648 2650 2652
f 2654 2655 2653
f 2656 2659 2655
f 2660 2657 2659
f 2658 2653 2657
f 2659 2653 2655
f 2656 2658 2660
f 2662 2663 2661
f 2664 2667 2663
f 2668 2665 2667
f 2666 2661 2665
f 2667 2661 2663
f 2664 2666 2668
f 2670 2671 2669
f 2672 2675 2671
f 2676 2673 2675
f 2674 2669 2673
f 2675 2669 2671
f 2672 2674 2676
f 34 36 35
f 36 40 39
f 40 38 37
f 38 34 33
f 39 37 33
f 36 34 38
f 1010 1012 1011
f 1012 1016 1015
f 1016 1014 1013
f 1014 1010 1009
f 1015 1013 1009
f 1012 1010 1014
f 1604 1603 1602
f 1605 1606 1607
f 1602 1606 1605
f 1603 1607 1606
f 1604 1608 1607
f 1601 1605 1608
f 2606 2608 2607
f 2608 2612 2611
f 2612 2610 2609
f 2610 2606 2605
f 2611 2609 2605
f 2608 2606 2610
f 2614 2616 2615
f 2616 2620 2619
f 2620 2618 2617
f 2618 2614 2613
f 2619 2617 2613
f 2616 2614 2618
f 2622 2624 2623
f 2624 2628 2627
f 2628 2626 2625
f 2626 2622 2621
f 2627 2625 2621
f 2624 2622 2626
f 2630 2632 2631
f 2632 2636 2635
f 2636 2634 2633
f 2634 2630 2629
f 2635 2633 2629
f 2632 2630 2634
f 2638 2640 2639
f 2640 2644 2643
f 2644 2642 2641
f 2642 2638 2637
f 2643 2641 2637
f 2640 2638 2642
f 2646 2648 2647
f 2648 2652 2651
f 2652 2650 2649
f 2650 2646 2645
f 2651 2649 2645
f 2648 2646 2650
f 2654 2656 2655
f 2656 2660 2659
f 2660 2658 2657
f 2658 2654 2653
f 2659 2657 2653
f 2656 2654 2658
f 2662 2664 2663
f 2664 2668 2667
f 2668 2666 2665
f 2666 2662 2661
f 2667 2665 2661
f 2664 2662 2666
f 2670 2672 2671
f 2672 2676 2675
f 2676 2674 2673
f 2674 2670 2669
f 2675 2673 2669
f 2672 2670 2674
usemtl Mat4
f 50 51 49
f 52 55 51
f 56 53 55
f 54 49 53
f 55 49 51
f 52 54 56
f 58 59 57
f 60 63 59
f 64 61 63
f 62 57 61
f 63 57 59
f 60 62 64
f 66 67 65
f 68 71 67
f 72 69 71
f 70 65 69
f 71 65 67
f 68 70 72
f 74 75 73
f 76 79 75
f 80 77 79
f 78 73 77
f 79 73 75
f 76 78 80
f 50 52 51
f 52 56 55
f 56 54 53
f 54 50 49
f 55 53 49
f 52 50 54
f 58 60 59
f 60 64 63
f 64 62 61
f 62 58 57
f 63 61 57
f 60 58 62
f 66 68 67
f 68 72 71
f 72 70 69
f 70 66 65
f 71 69 65
f 68 66 70
f 74 76 75
f 76 80 79
f 80 78 77
f 78 74 73
f 79 77 73
f 76 74 78
usemtl Mat5
f 134 138 136
f 119 82 115
f 126 130 128
f 140 141 139
f 132 133 131
f 118 82 117
f 142 143 141
f 134 135 133
f 120 117 119
f 126 127 125
f 116 119 115
f 124 125 123
f 81 115 82
f 116 118 120
f 128 129 127
f 150 151 149
f 158 159 157
f 130 123 129
f 125 129 123
f 148 149 147
f 136 137 135
f 166 167 165
f 174 175 173
f 138 131 137
f 137 133 135
f 145 141 143
f 144 145 143
f 156 157 155
f 150 154 152
f 146 139 145
f 142 146 144
f 164 165 163
f 152 153 151
f 180 182 184
f 122 179 121
f 154 147 153
f 149 153 147
f 161 157 159
f 160 161 159
f 172 173 171
f 166 170 168
f 162 155 161
f 158 162 160
f 184 181 183
f 168 169 167
f 183 121 179
f 182 121 181
f 170 163 169
f 165 169 163
f 177 173 175
f 176 177 175
f 180 183 179
f 222 215 221
f 178 171 177
f 174 178 176
f 216 217 215
f 218 222 220
f 226 227 225
f 234 235 233
f 224 225 223
f 220 221 219
f 208 210 212
f 221 217 219
f 211 186 207
f 232 233 231
f 210 186 209
f 218 219 217
f 212 209 211
f 275 213 271
f 208 211 207
f 185 207 186
f 240 241 239
f 274 213 273
f 225 229 223
f 228 229 227
f 242 243 241
f 248 249 247
f 230 223 229
f 226 230 228
f 233 237 231
f 236 237 235
f 250 251 249
f 256 257 255
f 238 231 237
f 234 238 236
f 241 245 239
f 244 245 243
f 258 259 257
f 264 265 263
f 246 239 245
f 242 246 244
f 249 253 247
f 252 253 251
f 266 267 265
f 276 273 275
f 254 247 253
f 250 254 252
f 257 261 255
f 260 261 259
f 272 274 276
f 214 271 213
f 262 255 261
f 258 262 260
f 265 269 263
f 268 269 267
f 272 275 271
f 270 263 269
f 266 270 268
f 1618 1619 1617
f 1620 1623 1619
f 1624 1621 1623
f 1622 1617 1621
f 1623 1617 1619
f 1620 1622 1624
f 1626 1627 1625
f 1628 1631 1627
f 1632 1629 1631
f 1630 1625 1629
f 1631 1625 1627
f 1628 1630 1632
f 1634 1635 1633
f 1636 1639 1635
f 1640 1637 1639
f 1638 1633 1637
f 1639 1633 1635
f 1636 1638 1640
f 1642 1643 1641
f 1644 1647 1643
f 1648 1645 1647
f 1646 1641 1645
f 1647 1641 1643
f 1644 1646 1648
f 1650 1651 1649
f 1652 1655 1651
f 1656 1653 1655
f 1654 1649 1653
f 1655 1649 1651
f 1652 1654 1656
f 1666 1667 1665
f 1668 1671 1667
f 1672 1669 1671
f 1670 1665 1669
f 1671 1665 1667
f 1668 1670 1672
f 1674 1675 1673
f 1676 1679 1675
f 1680 1677 1679
f 1678 1673 1677
f 1679 1673 1675
f 1676 1678 1680
f 1682 1683 1681
f 1684 1687 1683
f 1688 1685 1687
f 1686 1681 1685
f 1687 1681 1683
f 1684 1686 1688
f 1690 1691 1689
f 1692 1695 1691
f 1696 1693 1695
f 1694 1689 1693
f 1695 1689 1691
f 1692 1694 1696
f 1698 1699 1697
f 1700 1703 1699
f 1704 1701 1703
f 1702 1697 1701
f 1703 1697 1699
f 1700 1702 1704
f 2083 2086 2085
f 2076 2079 2075
f 2020 2021 2019
f 2168 2170 2172
f 2021 2024 2023
f 2047 2050 2049
f 2024 2025 2023
f 2171 2165 2167
f 2080 2077 2079
f 2026 2027 2025
f 2053 2056 2055
f 2120 2117 2119
f 2028 2029 2027
f 2045 2048 2047
f 2029 2032 2031
f 2118 2113 2117
f 2078 2073 2077
f 2032 2033 2031
f 2052 2053 2051
f 2116 2119 2115
f 2034 2035 2033
f 2074 2075 2073
f 2044 2045 2043
f 2036 2037 2035
f 2086 2087 2085
f 2079 2073 2075
f 2038 2039 2037
f 2040 2032 2024
f 2164 2161 2163
f 2040 2041 2039
f 2056 2057 2055
f 2050 2051 2049
f 2042 2019 2041
f 2025 2033 2041
f 2057 2060 2059
f 2119 2113 2115
f 2060 2061 2059
f 2162 2157 2161
f 2061 2064 2063
f 2062 2058 2054
f 2064 2065 2063
f 2087 2090 2089
f 2076 2078 2080
f 2065 2044 2043
f 2063 2047 2055
f 2090 2091 2089
f 2114 2115 2113
f 2091 2094 2093
f 2094 2095 2093
f 2095 2098 2097
f 2097 2100 2099
f 2100 2101 2099
f 2101 2104 2103
f 2096 2092 2084
f 2103 2106 2105
f 2116 2118 2120
f 2106 2083 2105
f 2101 2105 2085
f 2158 2159 2157
f 2170 2165 2169
f 2152 2154 2156
f 2172 2169 2171
f 2155 2129 2151
f 2168 2171 2167
f 2154 2129 2153
f 2166 2167 2165
f 2156 2153 2155
f 2160 2162 2164
f 2152 2155 2151
f 2163 2157 2159
f 2130 2151 2129
f 2160 2163 2159
f 2024 2022 2040
f 2022 2020 2040
f 2020 2042 2040
f 2040 2038 2036
f 2036 2034 2032
f 2032 2030 2024
f 2030 2028 2024
f 2028 2026 2024
f 2040 2036 2032
f 2041 2019 2025
f 2019 2021 2025
f 2021 2023 2025
f 2025 2027 2029
f 2029 2031 2025
f 2031 2033 2025
f 2033 2035 2037
f 2037 2039 2041
f 2033 2037 2041
f 2054 2052 2050
f 2050 2048 2046
f 2046 2044 2066
f 2066 2064 2062
f 2062 2060 2058
f 2058 2056 2054
f 2054 2050 2062
f 2050 2046 2062
f 2046 2066 2062
f 2055 2057 2059
f 2059 2061 2055
f 2061 2063 2055
f 2063 2065 2043
f 2043 2045 2063
f 2045 2047 2063
f 2047 2049 2051
f 2051 2053 2055
f 2047 2051 2055
f 2092 2090 2084
f 2090 2088 2084
f 2088 2086 2084
f 2084 2106 2104
f 2104 2102 2084
f 2102 2100 2084
f 2100 2098 2096
f 2096 2094 2092
f 2100 2096 2084
f 2085 2087 2089
f 2089 2091 2093
f 2093 2095 2097
f 2097 2099 2101
f 2101 2103 2105
f 2105 2083 2085
f 2085 2089 2101
f 2089 2093 2101
f 2093 2097 2101
f 134 132 138
f 119 117 82
f 126 124 130
f 140 142 141
f 132 134 133
f 118 81 82
f 142 144 143
f 134 136 135
f 120 118 117
f 126 128 127
f 116 120 119
f 124 126 125
f 81 116 115
f 116 81 118
f 128 130 129
f 150 152 151
f 158 160 159
f 130 124 123
f 125 127 129
f 148 150 149
f 136 138 137
f 166 168 167
f 174 176 175
f 138 132 131
f 137 131 133
f 145 139 141
f 144 146 145
f 156 158 157
f 150 148 154
f 146 140 139
f 142 140 146
f 164 166 165
f 152 154 153
f 180 122 182
f 122 180 179
f 154 148 147
f 149 151 153
f 161 155 157
f 160 162 161
f 172 174 173
f 166 164 170
f 162 156 155
f 158 156 162
f 184 182 181
f 168 170 169
f 183 181 121
f 182 122 121
f 170 164 163
f 165 167 169
f 177 171 173
f 176 178 177
f 180 184 183
f 222 216 215
f 178 172 171
f 174 172 178
f 216 218 217
f 218 216 222
f 226 228 227
f 234 236 235
f 224 226 225
f 220 222 221
f 208 185 210
f 221 215 217
f 211 209 186
f 232 234 233
f 210 185 186
f 218 220 219
f 212 210 209
f 275 273 213
f 208 212 211
f 185 208 207
f 240 242 241
f 274 214 213
f 225 227 229
f 228 230 229
f 242 244 243
f 248 250 249
f 230 224 223
f 226 224 230
f 233 235 237
f 236 238 237
f 250 252 251
f 256 258 257
f 238 232 231
f 234 232 238
f 241 243 245
f 244 246 245
f 258 260 259
f 264 266 265
f 246 240 239
f 242 240 246
f 249 251 253
f 252 254 253
f 266 268 267
f 276 274 273
f 254 248 247
f 250 248 254
f 257 259 261
f 260 262 261
f 272 214 274
f 214 272 271
f 262 256 255
f 258 256 262
f 265 267 269
f 268 270 269
f 272 276 275
f 270 264 263
f 266 264 270
f 1618 1620 1619
f 1620 1624 1623
f 1624 1622 1621
f 1622 1618 1617
f 1623 1621 1617
f 1620 1618 1622
f 1626 1628 1627
f 1628 1632 1631
f 1632 1630 1629
f 1630 1626 1625
f 1631 1629 1625
f 1628 1626 1630
f 1634 1636 1635
f 1636 1640 1639
f 1640 1638 1637
f 1638 1634 1633
f 1639 1637 1633
f 1636 1634 1638
f 1642 1644 1643
f 1644 1648 1647
f 1648 1646 1645
f 1646 1642 1641
f 1647 1645 1641
f 1644 1642 1646
f 1650 1652 1651
f 1652 1656 1655
f 1656 1654 1653
f 1654 1650 1649
f 1655 1653 1649
f 1652 1650 1654
f 1666 1668 1667
f 1668 1672 1671
f 1672 1670 1669
f 1670 1666 1665
f 1671 1669 1665
f 1668 1666 1670
f 1674 1676 1675
f 1676 1680 1679
f 1680 1678 1677
f 1678 1674 1673
f 1679 1677 1673
f 1676 1674 1678
f 1682 1684 1683
f 1684 1688 1687
f 1688 1686 1685
f 1686 1682 1681
f 1687 1685 1681
f 1684 1682 1686
f 1690 1692 1691
f 1692 1696 1695
f 1696 1694 1693
f 1694 1690 1689
f 1695 1693 1689
f 1692 1690 1694
f 1698 1700 1699
f 1700 1704 1703
f 1704 1702 1701
f 1702 1698 1697
f 1703 1701 1697
f 1700 1698 1702
f 2083 2084 2086
f 2076 2080 2079
f 2020 2022 2021
f 2168 2166 2170
f 2021 2022 2024
f 2047 2048 2050
f 2024 2026 2025
f 2171 2169 2165
f 2080 2078 2077
f 2026 2028 2027
f 2053 2054 2056
f 2120 2118 2117
f 2028 2030 2029
f 2045 2046 2048
f 2029 2030 2032
f 2118 2114 2113
f 2078 2074 2073
f 2032 2034 2033
f 2052 2054 2053
f 2116 2120 2119
f 2034 2036 2035
f 2074 2076 2075
f 2044 2046 2045
f 2036 2038 2037
f 2086 2088 2087
f 2079 2077 2073
f 2038 2040 2039
f 2164 2162 2161
f 2040 2042 2041
f 2056 2058 2057
f 2050 2052 2051
f 2042 2020 2019
f 2057 2058 2060
f 2119 2117 2113
f 2060 2062 2061
f 2162 2158 2157
f 2061 2062 2064
f 2064 2066 2065
f 2087 2088 2090
f 2076 2074 2078
f 2065 2066 2044
f 2090 2092 2091
f 2114 2116 2115
f 2091 2092 2094
f 2094 2096 2095
f 2095 2096 2098
f 2097 2098 2100
f 2100 2102 2101
f 2101 2102 2104
f 2103 2104 2106
f 2116 2114 2118
f 2106 2084 2083
f 2158 2160 2159
f 2170 2166 2165
f 2152 2130 2154
f 2172 2170 2169
f 2155 2153 2129
f 2168 2172 2171
f 2154 2130 2129
f 2166 2168 2167
f 2156 2154 2153
f 2160 2158 2162
f 2152 2156 2155
f 2163 2161 2157
f 2130 2152 2151
f 2160 2164 2163
usemtl Mat6
f 188 189 187
f 190 191 189
f 192 193 191
f 194 195 193
f 196 197 195
f 198 199 197
f 200 201 199
f 202 203 201
f 192 188 204
f 204 205 203
f 206 187 205
f 193 197 201
f 280 281 279
f 282 283 281
f 284 285 283
f 286 287 285
f 288 289 287
f 290 291 289
f 292 293 291
f 294 295 293
f 284 280 296
f 296 297 295
f 298 279 297
f 285 289 293
f 192 190 188
f 188 206 204
f 204 202 196
f 202 200 196
f 200 198 196
f 196 194 204
f 194 192 204
f 205 187 189
f 189 191 205
f 191 193 205
f 193 195 197
f 197 199 201
f 201 203 193
f 203 205 193
f 284 282 280
f 280 298 296
f 296 294 288
f 294 292 288
f 292 290 288
f 288 286 296
f 286 284 296
f 297 279 281
f 281 283 297
f 283 285 297
f 285 287 289
f 289 291 293
f 293 295 285
f 295 297 285
f 188 190 189
f 190 192 191
f 192 194 193
f 194 196 195
f 196 198 197
f 198 200 199
f 200 202 201
f 202 204 203
f 204 206 205
f 206 188 187
f 280 282 281
f 282 284 283
f 284 286 285
f 286 288 287
f 288 290 289
f 290 292 291
f 292 294 293
f 294 296 295
f 296 298 297
f 298 280 279
usemtl Mat7
f 300 302 304
f 303 278 299
f 302 278 301
f 304 301 303
f 300 303 299
f 277 299 278
f 300 277 302
f 303 301 278
f 302 277 278
f 304 302 301
f 300 304 303
f 277 300 299
usemtl Mat8
f 1020 1018 1017
f 1021 1023 1024
f 1018 1021 1017
f 1019 1022 1018
f 1020 1023 1019
f 1017 1024 1020
f 2862 2863 2861
f 2864 2867 2863
f 2868 2865 2867
f 2866 2861 2865
f 2867 2861 2863
f 2864 2866 2868
f 2870 2871 2869
f 2872 2875 2871
f 2876 2873 2875
f 2874 2869 2873
f 2875 2869 2871
f 2872 2874 2876
f 1020 1019 1018
f 1021 1022 1023
f 1018 1022 1021
f 1019 1023 1022
f 1020 1024 1023
f 1017 1021 1024
f 2862 2864 2863
f 2864 2868 2867
f 2868 2866 2865
f 2866 2862 2861
f 2867 2865 2861
f 2864 2862 2866
f 2870 2872 2871
f 2872 2876 2875
f 2876 2874 2873
f 2874 2870 2869
f 2875 2873 2869
f 2872 2870 2874
usemtl Mat9
f 2486 2487 2485
f 2488 2491 2487
f 2492 2489 2491
f 2490 2485 2489
f 2491 2485 2487
f 2488 2490 2492
f 2486 2488 2487
f 2488 2492 2491
f 2492 2490 2489
f 2490 2486 2485
f 2491 2489 2485
f 2488 2486 2490
